Date,Close,High,Low,Open,Volume,Daily_Range,OC_Change
2024-06-25,207.2744903564453,209.56464939365068,206.8184342324815,207.35378999494392,55549700,2.746215161169175,-0.038243640736224174
2024-06-26,211.41860961914062,213.0147835489249,208.83102368645302,209.68363861405976,66213200,4.183759862471874,0.8274231678486963
2024-06-27,212.2613067626953,213.88722177256454,210.5263358320774,212.8462361886446,49772700,3.360885940487151,-0.27481314042634875
2024-06-28,208.8111572265625,214.21436386520998,208.49391330369318,213.91693728719588,82542700,5.720450561516799,-2.386804955878072
2024-07-01,214.88851928710938,215.6419868499251,210.09999821846176,210.2685364182596,60402900,5.54198863146334,2.1971822068803717
2024-07-02,218.37831115722656,218.4873670751859,213.25271326862932,214.2936836981781,58046200,5.234653806556565,1.90608859232708
2024-07-03,219.64732360839844,219.64732360839844,217.1489612238199,218.11063203893852,37369800,2.4983623845785417,0.7045468417081009
2024-07-05,224.39617919921875,224.50523511983306,219.74645469045154,219.74645469045154,60412400,4.758780429381517,2.115949727296896
2024-07-08,225.86346435546875,225.89320550199054,221.3327047505454,225.13972278278513,59085900,4.560500751445147,0.32146329565391174
2024-07-09,226.71607971191406,227.42989753320916,224.4259205051531,225.97252074204383,48076100,3.003977028056056,0.32904840262371393
2024-07-10,230.9791259765625,231.0782732115439,227.28116405346748,227.33073767095817,62627700,3.7971091580764096,1.6048812153528744
2024-07-11,225.61561584472656,230.39421338925845,223.83107137940016,229.40280147827102,64710600,6.563142009858296,-1.6508890079544973
2024-07-12,228.5601043701172,230.64207551688347,226.71607753741577,226.9540218514806,53046500,3.925997979467695,0.7076686747096328
2024-07-15,232.386962890625,235.1926606193721,231.0882156126273,234.44910163171727,62631300,4.104445006744811,-0.8795677725955058
2024-07-16,232.8033447265625,234.24088892580107,230.3347237014565,232.98179160349451,43234300,3.906165224344562,-0.07659262799202274
2024-07-17,226.9143524169922,229.47219684306242,224.6935843942369,227.47944931340314,57345900,4.778612448825527,-0.2484166803271991
2024-07-18,222.2547149658203,228.46096321097224,220.36112971273346,228.3023336745397,66034600,8.09983349823878,-2.6489517699546092
2024-07-19,222.38360595703125,224.8522270905052,221.36245288688534,222.88923571935766,49151500,3.4897742036198736,-0.22685248154516144
2024-07-22,222.03662109375,225.82380677595344,221.174082433242,225.06041535891617,48201800,4.649724342711437,-1.343547802639555
2024-07-23,223.07760620117188,224.9910392063895,220.7676144514488,222.44310313331528,39960300,4.223424754940709,0.28524285937349414
2024-07-24,216.66314697265625,222.86939506256107,215.2652677100796,222.0762625279836,61777600,7.60412735248147,-2.4375029972621456
2024-07-25,215.6221923828125,218.95333716975932,212.77682977395946,217.04981289629316,51391200,6.1765073957998595,-0.6577386519852848
2024-07-26,216.08816528320312,217.60502442671483,214.15489978899527,216.82180047841348,41601300,3.4501246377195685,-0.3383585938275584
2024-07-29,216.36575317382812,217.41664743865044,213.8971319294418,215.09674706599597,36311800,3.519515509208645,0.589969920578482
2024-07-30,216.9209442138672,218.43780333279796,214.26395224147618,217.3075942808937,41643800,4.1738510913217794,-0.17792754473492317
2024-07-31,220.1727752685547,221.89783756706774,218.73523091700034,219.53827220377053,50036300,3.162606650067403,0.2890170622255894
2024-08-01,216.4846954345703,222.55213120715743,215.15620716620225,222.44307529690366,62501000,7.39592404095518,-2.678608832565571
2024-08-02,217.97183227539062,223.66254232334134,215.84030263063204,217.2679231335739,105568600,7.822239692709303,0.323982082428232
2024-08-05,207.47276306152344,211.6664309709882,194.3167235143498,197.38018251460616,119548600,17.349707456638384,5.11326943684958
2024-08-06,205.45028686523438,208.18659343179937,199.34320096724198,203.53686913101606,69660500,8.843392464557382,0.9400840950278411
2024-08-07,208.01806640625,211.80525225793107,204.61751548926864,205.12313014700663,63516400,7.1877367686624325,1.4113163431001843
2024-08-08,211.4780731201172,212.36042911915672,207.03655197769595,211.27979376271134,47161100,5.32387714146077,0.09384681510459053
2024-08-09,214.3829345703125,214.91829038971974,210.1496011292121,210.27848952903548,42201600,4.768689260507642,1.9519091327267077
2024-08-12,215.9114532470703,217.8767166928247,213.99582080224636,214.46232494953352,38028100,3.88089589057833,0.6757029692174565
2024-08-13,219.62364196777344,220.23902400333975,217.38044783379533,217.38044783379533,44155300,2.8585761695444205,1.031920835719875
2024-08-14,220.07029724121094,221.37054778476931,218.06532277692483,218.92885985517657,41960600,3.3052250078444843,0.5213736493166958
2024-08-15,223.0479736328125,223.67329096872731,221.10255033510867,222.9288713384501,46414000,2.570740633618641,0.05342614155237489
2024-08-16,224.3680877685547,225.1422830006272,221.98593577772976,222.25393109506462,44340200,3.1563472228974376,0.9512347714496822
2024-08-19,224.20925903320312,224.30852103873067,221.38045847347976,224.0405257400108,40687800,2.9280625652509116,0.0753137373852353
2024-08-20,224.82464599609375,225.47973889834265,223.7725353535306,224.0901616619868,30299000,1.707203544812046,0.3277628650269947
2024-08-21,224.71548461914062,226.28373058529078,223.37553826276908,224.8346020684513,34765500,2.9081923225216997,-0.052980034307352236
2024-08-22,222.85935974121094,226.64100861280963,222.2340424758978,226.0950979165247,43695300,4.406966136911819,-1.4311403498489024
2024-08-23,225.15219116210938,226.52192810531062,222.66087229355688,223.98097823318813,38677300,3.8610558117537437,0.5229073192554289
2024-08-26,225.48963928222656,225.58890128123517,222.22412549030662,225.07276614784877,30602200,3.3647757909285474,0.18521704847398276
2024-08-27,226.33334350585938,227.14724957253156,223.21670725505913,224.31844891527626,35934600,3.9305423174724297,0.8982295483614569
2024-08-28,224.80479431152344,228.14971479709,224.0008084384826,226.22414704916858,38052200,4.148906358607405,-0.6274099189493917
2024-08-29,228.08026123046875,231.18697758967758,227.1770435151196,228.38796742499142,51906300,4.009934074557975,-0.13472959980859095
2024-08-30,227.29612731933594,228.68570457235603,225.78743262658827,228.4772755570311,52990800,2.8982719457677604,-0.5169653020483158
2024-09-03,221.11248779296875,227.2961293418145,219.52438650802387,226.84948058831634,50190600,7.771742833790626,-2.528986524663468
2024-09-04,219.20677185058594,220.12984491677884,215.86183603349318,220.01074262314262,43840200,4.26800888328566,-0.36542341658916466
2024-09-05,220.7253875732422,223.80231295165626,219.87178579311316,219.9809679444758,36615400,3.9305271585431,0.33840183345055974
2024-09-06,219.177001953125,223.56411324365834,218.13481142105056,222.2837029728863,48423000,5.429301822607783,-1.3976287861914185
2024-09-09,219.26632690429688,219.6236489368284,215.09757995493325,219.17700018247805,67180000,4.5260689818951505,0.04075551802627626
2024-09-10,218.4722442626953,219.8320457576339,215.11738873446274,217.2910961852286,51591000,4.714657023171156,0.5435786823312073
2024-09-11,221.00331115722656,221.4301044903715,216.26879790334314,219.81224273641337,44587100,5.161306587028349,0.5418571804671765
2024-09-12,221.11248779296875,221.8866830044339,218.1844402475294,220.84449248276735,37455600,3.7022427569044964,0.12135023481389808
2024-09-13,220.84445190429688,222.37298661536337,220.25884553186094,221.91641780288074,36766600,2.1141410835024317,-0.48304938823230853
2024-09-16,214.71047973632812,215.60377723416104,212.32832783334672,214.92882889414335,59357400,3.275449400814324,-0.10159137745209923
2024-09-17,215.17697143554688,215.28615358843467,212.904016801209,214.14471619981742,45519300,2.382136787225676,0.48203628557720696
2024-09-18,219.04795837402344,221.05293280374121,215.92138686335736,215.9313221513165,59894900,5.131545940383859,1.4433460563553273
2024-09-19,227.16708374023438,228.11002736409566,222.95864123060412,223.31596324984213,66781300,5.151386133491542,1.724516435971789
2024-09-20,226.5020751953125,231.3556905514529,225.92638886705737,228.2589097535001,318679900,5.42930168439554,-0.7696674623062124
2024-09-23,224.7849578857422,227.74278104335218,224.12986496132828,225.64847983003366,54146000,3.612916082023901,-0.38268458309221154
2024-09-24,225.67825317382812,227.64353192764617,224.05045616714196,226.94872814757065,43556100,3.593075760504206,-0.5598070472183534
2024-09-25,224.68569946289062,225.59885242729763,222.3531936181764,223.2564112941643,42308700,3.245658809121238,0.6402002793295263
2024-09-26,225.82713317871094,226.7998372114188,223.73283210674714,225.60876888531146,36636700,3.067005104671665,0.09678892113917811
2024-09-27,226.09512329101562,227.81226214161182,225.6087788258606,226.7601514881057,34026000,2.203483315751214,-0.29327383701494364
2024-09-30,231.266357421875,231.266357421875,227.9412771261621,228.3283747151782,54541900,3.325080295712894,1.286735698251128
2024-10-01,224.52688598632812,227.9412778656533,222.07526286618742,227.81225543239978,63285000,5.866014999465875,-1.4421390279622355
2024-10-02,225.09263610839844,225.67824256269316,221.360617941662,224.20925878310885,32880600,4.317624621031143,0.3939968090899096
2024-10-03,223.99090576171875,225.12242301224842,221.65839996957536,223.4648504260935,34044200,3.4640230426730625,0.23540853723625169
2024-10-04,225.11248779296875,226.3035561118749,222.46235586119454,226.20429410810965,37245100,3.841200250680373,-0.48266383246424754
2024-10-07,220.04054260253906,224.01078104684052,219.68322053674163,222.82963268641961,39505400,4.327560510098891,-1.251669291133079
2024-10-08,224.0901641845703,224.298593199742,221.58890998571715,222.63110049734397,31855700,2.7096832140248353,0.6553728045932892
2024-10-09,227.83212280273438,228.04056698162543,223.15717559100585,223.55419337095574,33591100,4.883391390619579,1.9135983840303221
2024-10-10,227.33584594726562,227.7924300308487,225.47976432683006,226.08522629350668,28183500,2.3126657040186274,0.5531629263273381
2024-10-11,225.85693359375,227.70309500312143,225.64848941975737,227.5939128444124,31759200,2.054605583364065,-0.763192314308432
2024-10-14,229.57901000976562,230.0058033150611,226.89910245149323,226.99834931201846,39882100,3.106700863567852,1.1368631999169034
2024-10-15,232.1100311279297,235.72294688412148,230.64103225198252,231.87181141001133,64751400,5.081914632138961,0.10273767926758412
2024-10-16,230.05543518066406,230.3929017691756,228.12986736523644,229.87678174389526,34082200,2.263034403939173,0.0777170427624286
2024-10-17,230.4226837158203,232.11004699556463,228.8048220166126,231.69315867439417,32993800,3.305224978952026,-0.548343751642359
2024-10-18,233.25149536132812,234.4227083661851,232.2688559498539,234.4227083661851,46431500,2.1538524163312047,-0.49961584908722306
2024-10-21,234.72047424316406,235.08773156933626,232.7055796017645,232.7055796017645,36254500,2.382151967571758,0.8658557499341912
2024-10-22,234.10508728027344,234.4624093106695,230.86934872103873,232.14974382855843,38846600,3.593060589630767,0.842276807834439
2024-10-23,229.0430145263672,233.3904297884605,226.06533615950997,232.33831918874512,52287000,7.325093628950526,-1.418321641425372
2024-10-24,228.8544464111328,229.10258628095696,226.71051430099084,228.26882480795348,31109500,2.3920719799661185,0.25654909454763586
2024-10-25,229.6881866455078,231.48471683213373,227.86188088691335,228.03061417648678,38802300,3.6228359452203733,0.7269078649843645
2024-10-28,231.66339111328125,232.98349712196287,230.81972458948547,231.58399967772363,36087100,2.1637725324773953,0.03428191743302964
2024-10-29,231.931396484375,232.58648944554818,230.59145013134693,231.36564539627622,35417200,1.9950393142012501,0.24452683419345897
2024-10-30,228.38795471191406,231.73287549326048,227.8420439394486,230.8792736886572,47070900,3.8908315538118927,-1.0790570053952573
2024-10-31,224.2291259765625,228.11995749798112,223.69313535160188,227.63359787833264,64370100,4.426822146379237,-1.4955928885286016
2024-11-01,221.25143432617188,223.67328184782377,218.6310779402587,219.32586653780092,65276700,5.042203907565067,0.8779483326646665
2024-11-04,220.3581085205078,221.13230364643434,218.07523400035532,219.34570882983752,44944500,3.0570696460790145,0.46155436368973374
2024-11-05,221.7873992919922,222.28367900181775,219.49458945583885,220.14968230766976,28111300,2.7890895459788965,0.743910673481525
2024-11-06,221.06285095214844,224.387931303672,219.54423614319148,220.95366880237512,54561100,4.843695160480507,0.04941404701044919
2024-11-07,225.7874298095703,226.18446269494834,222.89909318788202,222.95864433437472,42137700,3.2853695070663207,1.268748957296857
2024-11-08,225.51913452148438,227.2083389148385,224.9726232043034,225.72779283046052,38328800,2.2357157105350893,-0.09243802296550138
2024-11-11,222.80645751953125,224.26712634517858,220.0937933412938,223.5715733715174,42005600,4.173333003884778,-0.34222412109374756
2024-11-12,222.80645751953125,224.15782408060912,221.94198562097503,223.1244332571579,40398300,2.215838459634085,-0.14251049649061817
2024-11-13,223.69082641601562,225.2111120360391,221.34580821096,222.58787261698694,48566200,3.86530382507911,0.49551387776034206
2024-11-14,226.7711639404297,227.41703140021204,223.57160465201176,223.59148192887395,44923900,3.845426748200282,1.4220944304878396
2024-11-15,223.5715789794922,225.4793879673537,222.84621765747355,224.96268496170848,47923700,2.6331703098801427,-0.6183718790754441
2024-11-18,226.5724334716797,228.28151537171908,223.74052045447314,223.82001439888424,44633700,4.540994917245939,1.2297466248439168
2024-11-19,226.8307647705078,228.6988344551977,225.22105418122663,225.53901477922054,36211800,3.4777802739710637,0.5727390414256114
2024-11-20,227.54620361328125,228.4702922716314,224.45594670445817,226.61216873586113,35169600,4.014345567173223,0.4121733102995132
2024-11-21,227.0692596435547,228.6988476019872,224.27710117470866,227.42697481306035,42108300,4.421746427278549,-0.15728792497007033
2024-11-22,228.41065979003906,229.25526960886552,226.6121530455377,226.6121530455377,38168300,2.6431165633278226,0.7936497316363952
2024-11-25,231.39161682128906,231.7692092379923,228.28149797848934,229.99057974831032,90152800,3.4877112595029587,0.6091715036815681
2024-11-26,233.56771850585938,234.07449047305911,231.84870566104107,231.84870566104107,45986200,2.2257848120180483,0.7414373265173526
2024-11-27,233.43856811523438,234.19375305105456,232.3256831511884,232.98149686010998,33498400,1.868069899866157,0.1961835000995084
2024-11-29,235.8233184814453,236.3002669685808,232.48464874765904,233.31931239062584,28481400,3.815618220921749,1.0732099564168258
2024-12-02,238.06895446777344,239.26133321145704,235.654388648958,235.76369091824088,48137100,3.606944562499052,0.9777856550150393
2024-12-03,241.1095428466797,241.21884512379424,237.38334952948236,238.2875760799829,38861000,3.8354955943118796,1.1842693660829284
2024-12-04,241.4672393798828,242.5602620666903,239.71841824290905,241.32812877991805,44383900,2.841843823781261,0.05764375693296404
2024-12-05,241.49705505371094,242.98753231090083,240.59284370740727,242.4410361127995,40033900,2.394688603493563,-0.3893652140017127
2024-12-06,241.29833984375,243.0769846168902,240.5431701206591,241.36790273028285,36870600,2.533814496231088,-0.02882027218448484
2024-12-09,245.18350219726562,245.67039687977774,240.21524480725012,240.29473874492055,44649200,5.455152072527625,2.034486263777348
2024-12-10,246.19703674316406,246.63424582967986,243.7824557106041,245.32261857013248,36914800,2.8517901190757584,0.356436018059871
2024-12-11,244.92514038085938,249.2077755123232,244.69658964103184,246.3858091597837,45205800,4.51118587129136,-0.5928380306907436
2024-12-12,246.38583374023438,247.1608807008323,244.12029436088807,245.32261935264157,32777500,3.040586339944241,0.43339435654095937
2024-12-13,246.5547637939453,247.7073880681415,244.676762972136,246.24673423955153,33155300,3.030625096005508,0.12508980285364074
2024-12-16,249.44625854492188,249.78411156803347,246.07778066556844,246.41563368868003,51694800,3.7063309024650266,1.2298833523163208
2024-12-17,251.8707733154297,252.21855739876366,248.19426586582333,248.49236434269267,51356400,4.024291532940339,1.3595624886396505
2024-12-18,246.4752655029297,252.6657103008961,246.1672359539693,250.55917390522964,56774100,6.498474346926798,-1.6299177310684434
2024-12-19,248.20419311523438,250.400169527173,245.5213371883983,245.92873792847348,60882300,4.878832338774714,0.9252498125789158
2024-12-20,252.8743896484375,253.3811464831127,244.13025293349912,246.4653249902114,147495300,9.25089354961358,2.6003920261321314
2024-12-23,253.64942932128906,254.02700659111463,251.84097626600598,253.15260355822258,40858800,2.1860303251086464,0.19625544279745769
2024-12-24,256.5608215332031,256.5707374276886,253.66927695641888,253.868019379837,23234700,2.9014604712697007,1.0607094820152057
2024-12-26,257.3755798339844,258.44874034869076,255.99442012888886,256.55086249805703,27237100,2.4543202198019003,0.321463482093572
2024-12-27,253.96737670898438,257.05764856283577,251.45343969164696,256.19314630806485,42355300,5.604208871188803,-0.8687857700939647
2024-12-30,250.59890747070312,251.890657464443,249.15811581542044,250.6287158030117,35557500,2.7325416490225507,-0.011893422592481665
2024-12-31,248.8302001953125,251.6720440162376,247.84647977817443,250.83738041728796,39480700,3.82556423806318,-0.8001918289197392
2025-01-02,242.30194091796875,247.51861164989126,240.2848294479123,247.34967754084445,55740700,7.233782201978954,-2.0407290088511147
2025-01-03,241.81503295898438,242.62981931594805,240.3543640210219,241.81503295898438,40244100,2.275455294926161,0.0
2025-01-06,243.4446258544922,245.7598357483754,241.6560500607284,242.75900387005615,45045600,4.10378568764699,0.2824290648362682
2025-01-07,240.6723175048828,243.99110961427562,239.81777667580207,241.4374181829594,40856000,4.17333293847355,-0.3168939942427611
2025-01-08,241.15921020507812,242.16280789951685,238.52603985831155,240.3841632667122,37628900,3.6367680412053005,0.3224201327713916
2025-01-10,235.34634399414062,238.63532775588945,231.5207799769646,238.48627094630749,61710900,7.114547778924845,-1.3166070062262745
2025-01-13,232.91189575195312,233.180185891021,228.26161420500546,232.04742383507855,49630700,4.918571686015554,0.3725410532844261
2025-01-14,231.7990264892578,234.62099318079112,230.99417118008773,233.25969544364762,39435300,3.6268220007033847,-0.6261986030684331
2025-01-15,236.35987854003906,237.4429702030776,232.94171493841435,233.1503884256181,39832000,4.501255264663257,1.3765750664596819
2025-01-16,226.81089782714844,236.4990004602556,226.58236221549976,235.8432019589194,71759100,9.91663824475583,-3.8297920214568064
2025-01-17,228.5199737548828,230.8153063545454,227.02949646555186,230.6463874145182,68488300,3.7858098889935548,-0.9219366856216047
2025-01-21,221.22657775878906,222.99527628303537,217.9872792040061,222.57794445660952,98070400,5.0079970790292805,-0.6071431296212257
2025-01-22,222.4090118408203,222.6971640978084,218.39465138442915,218.39465138442915,64126500,4.302512713379258,1.8381221476550185
2025-01-23,222.24009704589844,225.58869773276695,220.88873040600683,223.3132424800993,60234800,4.699967326760117,-0.4805561113539818
2025-01-24,221.3656768798828,224.19758968028435,220.00437919561992,223.35297985225768,54697900,4.193210484664434,-0.8897588801767559
2025-01-27,228.40072631835938,230.67618150163648,222.5580508531902,222.5978054024586,94863400,8.118130648446282,2.606908412870045
2025-01-28,236.74740600585938,238.66516132615985,229.3447052045828,229.3844597561093,75707600,9.320456121577052,3.209871434873426
2025-01-29,237.84043884277344,238.33726462451705,232.52439691334908,232.63369919180946,45486100,5.812867711167968,2.2381708536006033
2025-01-30,236.0816650390625,239.26134692510684,235.7040877651042,237.1548105184623,55658300,3.557259160002644,-0.45250841720382007
2025-01-31,234.5017547607422,245.62071750771995,231.95800933839706,245.62071750771995,100959800,13.662708169322883,-4.526883098380448
2025-02-03,226.56246948242188,230.35822543026035,224.2671369795404,228.52991033796462,73063300,6.091088450719951,-0.8609117522661127
2025-02-04,231.3220672607422,231.64997406812495,225.21110156992967,225.80729852188347,45067300,6.4388724981952805,2.4422455673301773
2025-02-05,230.99415588378906,231.19288314320298,226.82082278842498,227.07916670947125,39620300,4.372060354778,1.724063563843666
2025-02-06,231.73939514160156,232.31571480889477,228.9670990724139,229.82163993606684,29925300,3.348615736480866,0.8344537120473992
2025-02-07,226.1848907470703,232.51444580894437,225.81722939017394,231.1233398047693,39707200,6.697216418770438,-2.13671585996919
2025-02-10,226.45346069335938,229.378010419489,226.00582893863492,228.36338248973718,33115600,3.372181480854067,-0.8363520348817898
2025-02-11,231.39735412597656,233.99363668198936,226.93096309298542,227.00058728303875,53718400,7.062673589003936,1.93689668188199
2025-02-12,235.625,235.71453849328682,229.4675323792709,229.98480349517558,45243300,6.247006114015932,2.452421385721136
2025-02-13,240.26052856445312,241.06626881430705,234.33186254170715,235.66481592241834,53614100,6.734406272599898,1.9501055446255955
2025-02-14,243.3143768310547,244.25938055012708,239.7233505557091,239.9819785190441,40896200,4.536029994417987,1.3886035662240925
2025-02-18,243.18505859375,243.89131830963376,240.56887710589865,242.86673323889264,48822500,3.32244120373511,0.1310699701898852
2025-02-19,243.58294677734375,244.7169542759842,241.88194311867716,243.37405904734027,32204200,2.8350111573070365,0.08582990760032082
2025-02-20,244.53790283203125,245.4829065325138,243.00598867544505,243.6525813389452,32316900,2.4769178570687416,0.36335403804094407
2025-02-21,244.25938415527344,247.38287960480025,243.93111682470231,244.6572756706751,53197400,3.451762780097937,-0.16263220225555103
2025-02-24,245.80125427246094,247.55199828948733,243.1353323966777,243.64264638435856,51326400,4.416665892809618,0.8859729280304516
2025-02-25,245.74156188964844,248.68601093773057,243.62276739789988,246.69652285022872,48013300,5.063243539830694,-0.3870994813980592
2025-02-26,239.09666442871094,243.6923767743236,237.87313357927937,243.04579925662603,44433600,5.819243195044237,-1.624852122519219
2025-02-27,236.05274963378906,241.1856322165831,235.81400561415145,238.15166004001364,41153600,5.371626602431633,-0.8813335190995192
2025-02-28,240.56887817382812,240.8175641664438,228.9900589647863,235.70458076540925,56833400,11.827505201657488,2.0637262935760203
2025-03-03,236.7789306640625,242.74739510665418,234.86902386386396,240.51916291712755,47184000,7.878371242790223,-1.5550662191327211
2025-03-04,234.68995666503906,238.80821160759587,233.4465266012979,236.46061504010896,53798100,5.361685006297961,-0.7488174615335229
2025-03-05,234.50094604492188,235.30668622205877,228.02515316620742,234.18262069274581,47227600,7.281533055851355,0.1359303910915372
2025-03-06,234.09310913085938,236.60981025581015,231.93451645578955,233.20778757123546,45170400,4.675293800020597,0.37962778552302356
2025-03-07,237.81346130371094,240.10136041796665,233.5261018066448,233.87426828677374,46273600,6.575258611321857,1.6843208300739636
2025-03-10,226.28436279296875,234.91874867921032,223.04150278970278,234.3019970725287,72071200,11.877245889507549,-3.4219231503511596
2025-03-11,219.67926025390625,224.65298022983382,216.30707871737093,222.63365113389432,76137400,8.345901512462888,-1.3270190130472528
2025-03-12,215.83956909179688,220.58450266635003,213.78045671174684,218.98296406915986,62547500,6.804045954603197,-1.435451835591298
2025-03-13,208.5779266357422,215.70029772842102,207.3245545879158,214.81497612462363,61368300,8.375743140505222,-2.903451892135794
2025-03-14,212.36788940429688,212.82546311709572,208.47843695256688,210.13965751241793,60107600,4.347026164528842,1.0603576299001412
2025-03-17,212.87521362304688,214.0888025037831,208.8663965620962,212.18883784213668,48073400,5.222405941686901,0.32347402808287384
2025-03-18,211.5720977783203,214.01915944879542,210.37840804794794,213.03437263106773,42432400,3.6407514008474777,-0.6864032478363368
2025-03-19,214.10870361328125,217.6101915579757,212.6265295918345,213.0940604852241,54385400,4.983661966141199,0.47614800982568917
2025-03-20,212.97470092773438,216.3468825511506,211.10457731145533,212.86527847830126,48862900,5.24230523969527,0.051404555132398284
2025-03-21,217.12278747558594,217.68978368973626,210.16952111998106,210.44804823896536,94127800,7.520262569755204,3.171680275714111
2025-03-24,219.56985473632812,220.31591279023903,217.43116105321957,219.83843988574125,44299500,2.8847517370194566,-0.12217387894160885
2025-03-25,222.573974609375,222.92214108802088,218.92326587520165,219.6096416779903,34493600,3.998875212819229,1.3498191193860412
2025-03-26,220.3656463623047,223.83730853242594,219.3112201065871,222.33523531503357,34466100,4.52608842583885,-0.8858645144293542
2025-03-27,222.67344665527344,223.80745418869535,219.40073045135125,220.22636977863218,37094800,4.406723737344095,1.1111643347256834
2025-03-28,216.75469970703125,222.63364006926244,216.5358548246797,220.50488863250547,39818600,6.097785244582752,-1.7007282463130795
2025-03-31,220.96249389648438,224.43414081005062,215.09349507460487,215.86939419548492,65299300,9.340645735445747,2.359343120399597
2025-04-01,222.0169219970703,222.50433685640354,217.749461617725,218.65468232589998,36412700,4.754875238678551,1.5376938812400938
2025-04-02,222.71322631835938,224.0063965120705,219.85831598824518,220.15674221426906,35905900,4.148080523825314,1.1612109074552894
2025-04-03,202.1220245361328,206.39942653372108,200.19221885499383,204.45966369883956,103419000,6.207207678727258,-1.1433253485880688
2025-04-04,187.389892578125,198.82944937179326,186.35535024633944,192.87092693410324,125910900,12.474099125453819,-2.8418147012125377
2025-04-07,180.50625610351562,193.12954493623218,173.70219548773406,176.26863687444822,160466300,19.42734944849812,2.4040687578958
2025-04-08,171.51376342773438,189.33957458197378,168.32064359895526,185.71870692843436,120859500,21.01893098301852,-7.648633643660774
2025-04-09,197.8048553466797,199.55559936553783,170.98654976711688,171.04623198001363,184395900,28.569049598420946,15.644088184177447
2025-04-10,189.41915893554688,193.7562435722064,182.0381599544528,188.0762635840202,121880000,11.718083617753592,0.7140163920402142
2025-04-11,197.10850524902344,198.4911987157403,185.08205468111316,185.12185293864357,87435900,13.409144034627133,6.475006661883781
2025-04-14,201.45555114746094,211.82078139531484,200.10269875392328,210.32866545443895,101352900,11.718082641391561,-4.218689966870013
2025-04-15,201.07754516601562,202.44033954558066,198.74984792281177,200.7990180691496,51343900,3.6904916227688886,0.13870939188064021
2025-04-16,193.24891662597656,199.64511311117855,191.35889396287376,197.31741584829123,59732400,8.286219148304781,-2.061905790131958
2025-04-17,195.94467163085938,197.78495412822454,193.39812938355274,196.16351652823,52164700,4.386824744671799,-0.11156248687004026
2025-04-21,192.14476013183594,192.78139570274652,188.8123615658979,192.25418258208256,46742500,3.96903413684862,-0.0569155109017763
2025-04-22,198.69017028808594,200.53043756485187,194.93998119085117,195.08918671811182,52976400,5.590456374000695,1.8458140251398198
2025-04-23,203.52462768554688,206.9067512010516,201.7340854567431,204.9172632087338,52929200,5.172665744308517,-0.6796086876137674
2025-04-24,207.27479553222656,207.73238443559362,201.87334307751462,203.81309077731203,47311000,5.859041358078997,1.6984702708310453
2025-04-25,208.18003845214844,208.6475693809006,205.11622488486222,205.28532955589748,38222300,3.531344496038372,1.4100904835787382
2025-04-28,209.03550720214844,210.38835967290976,206.3696005213303,208.89624364686077,38743100,4.018759151579445,0.06666637602306286
2025-04-29,210.09988403320312,211.12446912484504,207.27479957627347,207.59312493762445,36827600,3.849669548571569,1.207534737160433
2025-04-30,211.3831024169922,212.4574277707069,205.5837430092506,208.19992461631293,52286500,6.873684761456275,1.5289043963610789
2025-05-01,212.1988067626953,213.43227966302132,207.80202473083082,207.98108655162656,57365700,5.630254932190496,2.027934501641234
2025-05-02,204.27069091796875,205.9020705063368,201.09745506032002,205.0067917796952,101010600,4.804615446016783,-0.35906169514494524
2025-05-05,197.8446502685547,203.0272736250085,197.1682315771274,202.03252954096354,69018500,5.859042047881104,-2.0728737505411114
2025-05-06,197.4666290283203,199.59538061408486,195.98447015970467,197.1682179665783,51216500,3.610910454380189,0.15134846012179543
2025-05-07,195.21852111816406,198.3917570874617,192.23428894820486,198.12317194216024,68536700,6.157468139256849,-1.4660833437717002
2025-05-08,196.45201110839844,198.99855348942916,193.65676753221484,196.68079799363124,50478900,5.341785957214313,-0.11632395615977512
2025-05-09,197.4865264892578,199.48595647897335,196.50172445806652,197.95405738682032,36453900,2.9842320209068305,-0.23618151794126316
2025-05-12,209.95706176757812,210.4351760021984,205.93303241640405,210.1363584051843,63775800,4.502143585794357,-0.08532394820531346
2025-05-13,212.08859252929688,212.55673652410627,208.17412935394688,209.59847136477597,51909300,4.382607170159389,1.1880435712659387
2025-05-14,211.49095153808594,213.0945900165101,209.74786689625498,211.59054725566685,49325800,3.3467231202551204,-0.04707002220688459
2025-05-15,210.61444091796875,212.11848379882832,208.71198473801002,210.11641669484823,45029500,3.4064990608183052,0.23702299465910068
2025-05-16,210.42520141601562,211.73003772257164,208.94109887256835,211.52086084946143,54737900,2.788938850003291,-0.5179911943652592
2025-05-19,207.9550018310547,208.65223273202483,203.45285841572866,207.0884445111699,46140500,5.199374316296172,0.4184479350985885
2025-05-20,206.04258728027344,207.64622592622177,204.2198167548668,206.84938410987283,42496600,3.426409171354976,-0.39004072120942035
2025-05-21,201.29144287109375,206.2218800326306,199.91690624087693,204.35927415345975,59211800,6.3049737917536675,-1.5011950375505203
2025-05-22,200.5643310546875,201.94883789272,198.91088686006037,199.91690559460176,46742400,3.0379510326596346,0.3238472795285323
2025-05-23,194.49838256835938,196.91877297523902,192.6955373289648,192.9046989896,78432900,4.223235646274219,0.8261507299235296
2025-05-27,199.4188690185547,199.94677348688452,196.64984031499387,197.51641281084125,56288500,3.2969331718906574,0.9631889221962522
2025-05-28,199.62803649902344,201.9289060786693,199.11008702875665,199.79736291846774,45339700,2.818819049912662,-0.08474907624952037
2025-05-29,199.15988159179688,203.0046291598645,197.72556941325453,202.77554227533128,51396800,5.27905974660996,-1.7830852000015904
2025-05-30,200.0563507080078,201.16196516975768,196.00242594876025,198.58218796001185,70819900,5.159539220997431,0.7423438945555436
2025-06-02,200.90298461914062,201.3312933884623,199.3292261245183,199.4885975362889,35423300,2.0020672639440136,0.7090064797284675
2025-06-03,202.46678161621094,202.96480586317466,200.16591202699755,200.55437033168948,46381600,2.7988938361771147,0.9535625084402736
2025-06-04,202.0185546875,205.42503857555045,201.30139858491114,202.10819540070028,43604000,4.123639990639305,-0.04435283439276679
2025-06-05,199.8372039794922,203.94091870107042,199.35908978394463,202.69585814733983,55126100,4.58182891712579,-1.41031701090295
2025-06-06,203.1142120361328,204.887177182899,201.25160617035465,202.19784922307906,46607700,3.6355710125443466,0.4532010684459631
2025-06-09,200.65396118164062,205.18598475848052,199.22961916524454,203.58234611432158,72862600,5.956365593235972,-1.4384277362814764
2025-06-10,201.869140625,203.54250994980842,199.77744796710627,199.8073282051838,54672600,3.76506198270215,1.031900300322769
2025-06-11,197.9945068359375,203.69190510411792,197.62597377823997,202.69585666840098,60989900,6.065931325877955,-2.319410919264434
2025-06-12,198.41285705566406,198.890956077424,196.58013147350607,198.29333609984755,43904600,2.310824603917922,0.06027482222414617
2025-06-13,195.6737060546875,199.57821397711425,194.92666975119658,198.94074360607502,51447300,4.651544225917661,-1.6422164168927698
2025-06-16,197.6359405517578,197.90487790098294,195.78328974313985,196.52037110088898,43020700,2.1215881578430924,0.5676609730683468
2025-06-17,194.86692810058594,197.6060614779548,194.43863454049264,196.4207613301707,38856200,3.167426937462153,-0.7910738249165393
2025-06-18,195.80319213867188,196.78928550519313,194.29916455806153,195.16572178414586,45394700,2.490120947131601,0.32663028563543606
2025-06-20,200.2057647705078,200.90299573747222,196.0821242533237,197.45667615855015,96813500,4.820871484148512,1.3922490064353394
2025-06-23,200.70376586914062,201.50060768152076,198.17380945321412,200.83325703321927,55814300,3.326798228306643,-0.06447695266786667
2025-06-24,199.5084991455078,202.63609053842802,199.40888822531906,201.78944331230142,54064000,3.227202313108961,-1.1303585209180032
2025-06-25,200.76351928710938,202.8651820841085,199.82723133036671,200.65395335177794,39525700,3.0379507537417965,0.054604423935443444
2025-06-26,200.2057647705078,201.8392838353224,198.6718566431861,200.63405836503767,50799100,3.1674271921363015,-0.2134700349581803
2025-06-27,200.2854461669922,202.41698947637084,199.20971189891864,201.09224306842364,73188600,3.207277577452203,-0.40120737086657965
2025-06-30,204.3592529296875,206.57048164253425,198.4726031076903,201.211736268348,91912800,8.097878534843943,1.5642808514617548
2025-07-01,206.99879455566406,209.35942450018746,205.3254252695324,205.85332972802502,78788900,4.03399923065507,0.5564470728515505
2025-07-02,211.6005401611328,212.49697770796604,207.31752868499885,208.08449026524102,67941800,5.179449022967191,1.6897222332188049
2025-07-03,212.70616149902344,213.80180573654258,210.97303162710094,211.31168447150716,34955800,2.828774109441639,0.6599147751833394
2025-07-07,209.120361328125,215.37554414763466,207.97491173225177,211.8395692407974,50229000,7.400632415382887,-1.283616617243725
2025-07-08,209.1801300048828,210.59451698338924,207.6262968509882,209.26978591644843,42848900,2.9682201324010293,-0.04284226276286725
2025-07-09,210.30567932128906,210.49493096772343,206.40117103180637,208.7020406311003,48749400,4.093759935917063,0.768386684356072
2025-07-10,211.57064819335938,212.6364120977978,209.2000480941239,209.678147079363,44443600,3.4363640036739014,0.9025743218152718
2025-07-11,210.32559204101562,211.29176024279,209.03072603053,209.73792710960444,39765800,2.2610342122600002,0.28019011130213095
2025-07-14,207.79562377929688,210.07658325197187,206.71988962428105,209.10044482334126,38840100,3.3566936276908166,-0.6240163884619029
2025-07-15,208.28369140625,211.05270487364396,208.09443976951917,208.39325734338402,42296300,2.9582651041247914,-0.05257652696194602
2025-07-16,209.3295440673828,211.5606828488181,207.8155461810567,209.4689902412225,47490500,3.745136667761386,-0.06657127323672891
2025-07-17,209.1901092529297,210.9630743588066,208.7618004967043,209.7379389650813,48068100,2.201273862102312,-0.26119724207017087
2025-07-18,210.3455047607422,210.95309492429405,208.87135730762196,210.0367321724359,48974600,2.0817376166720862,0.14700885179111767
2025-07-21,211.64036560058594,214.92732845073886,210.7937335563828,211.2618775331451,51377400,4.133594894356065,0.17915587604367741
2025-07-22,213.55279541015625,214.1006251327807,211.39137195770533,212.29777975345726,46404100,2.709253175075361,0.5911581638566566
2025-07-23,213.30377197265625,214.29982043425818,211.57065737650467,214.15041924441525,46989300,2.72916305775351,-0.395351676053782
2025-07-24,212.91531372070312,214.83769515517375,212.68622683006964,213.05475989741393,46022600,2.151468325104105,-0.06545086191829226
2025-07-25,213.03485107421875,214.38947759784276,212.5567368669443,213.85160291428238,40268800,1.8327407308984505,-0.38192458178160477
2025-07-28,213.2041778564453,214.00101967144602,212.2180844005514,213.18425263148458,37858000,1.782935270894626,0.009346480668613462
2025-07-29,210.43515014648438,213.96115480223384,209.9869314052821,213.33363944545516,51411700,3.974223396951743,-1.3586649093435024
2025-07-30,208.2239227294922,211.55072076453234,206.89917652304968,211.06265157316113,45512500,4.651544241482668,-1.3449697625375236
2025-07-31,206.74977111816406,209.0107900151974,206.34138763159262,207.6661338109758,80698400,2.669402383604762,-0.4412672764668663
2025-08-01,201.58029174804688,212.73603143542957,200.7037642416869,210.03673342752194,104434500,12.032267193742655,-4.026172727730578
2025-08-04,202.5464630126953,207.0585613783641,200.88304868853191,203.70186769022786,75109300,6.175512689832175,-0.5672037721762984
2025-08-05,202.11814880371094,204.52858421879685,201.36115745633876,202.59624780213056,44155100,3.167426762458092,-0.23598610714970877
2025-08-06,212.40733337402344,214.52892145014,204.77759854868273,204.81744899810374,108483100,9.751322901457257,3.705682505590607
2025-08-07,219.16053771972656,219.97730473834642,215.7241736307253,218.01508808955717,90224800,4.25313110762113,0.525399246541534
2025-08-08,228.4437255859375,230.08719950298993,218.38362983130105,219.95738825778145,113854000,11.703569671688882,3.8581733468349784
2025-08-11,226.5391082763672,228.91239906441297,224.1259370249458,227.2770261826339,61806100,4.786462039467153,-0.32467773741185113
2025-08-12,229.0021209716797,230.14888579943394,226.429412881848,227.36674823663387,55626200,3.7194729175859322,0.7192664484710808
2025-08-13,232.6717529296875,234.33703985510917,229.77992501054072,230.4181341091737,69878500,4.557114844568446,0.9780561886878283
2025-08-14,232.12330627441406,234.4567012802976,230.19875827485632,233.39969406647393,51916300,4.257943005441291,-0.5468678085312058
2025-08-15,230.9366455078125,233.6190590405621,228.69299310222902,233.33985018068216,56038700,4.926065938333068,-1.029916094918544
2025-08-18,230.23861694335938,232.4623214496413,229.46081868168693,231.04632935234682,37476200,3.0015027679543778,-0.34958893796389906
2025-08-19,229.90956115722656,232.2130419457167,228.70298322789472,230.62753117126795,39402600,3.510058717821977,-0.3113114945102575
2025-08-20,225.3723907470703,229.81981519856654,225.13307755654054,229.33119207499826,42263900,4.686737642026003,-1.7262376269484074
2025-08-21,224.26551818847656,225.88095827873425,223.14868274098328,225.63166356522294,30621200,2.7322755377509793,-0.6054759137790361
2025-08-22,227.11746215820312,228.44371192910324,224.77410085849388,225.53195134940427,42477800,3.6696110706093634,0.7030093959247989
2025-08-25,226.5191650390625,228.65312729963858,225.59178073979155,225.84107546750252,30983100,3.0613465598470384,0.30025077154645136
2025-08-26,228.6630859375,228.84258604761433,224.05612439304167,226.22996704217394,54575100,4.786461654572662,1.0755068955442482
2025-08-27,229.8397674560547,230.24859923631865,227.6160475796746,227.96506627689797,31259500,2.63255165664404,0.8223633602174855
2025-08-28,231.9039306640625,232.75153884501827,228.69301327644948,230.16884905542523,38074700,4.058525568568797,0.7538299017255202
2025-08-29,231.485107421875,232.7216147258446,230.71727541448905,231.85405874294378,39418400,2.004339311355551,-0.1591308442341454
2025-09-02,229.0719451904297,230.19876225122124,226.32970313085187,228.6032698757151,44075600,3.8690591203693714,0.20501689016494762
2025-09-03,237.79725646972656,238.17618932549604,233.69885053091846,236.5408165177042,66427800,4.477338794577577,0.5311725775362417
2025-09-04,239.1035614013672,239.2232180033205,236.07214416452067,237.77731160532718,47549400,3.151073838799846,0.5577696993400985
2025-09-05,239.0137939453125,240.63920029193574,237.81718240373485,239.32291694518142,54870400,2.8220178882008895,-0.12916564941406153
2025-09-08,237.2089080810547,239.47249309970456,235.67324414176576,238.62490021245955,48999500,3.7992489579388007,-0.5933966363711982
2025-09-09,233.68887329101562,238.1063683630383,232.70166073618753,236.33139119913957,66313900,5.404707626850779,-1.1181408845925542
2025-09-10,226.1501922607422,231.76431424305812,225.31256565050364,231.53496736029473,83440800,6.45174859255448,-2.32568547245532
2025-09-11,229.3810577392578,229.7998710451417,226.010588238333,226.23995033725743,50208600,3.7892828068087,1.3883964336616572
2025-09-12,233.40968322753906,233.84842918261825,228.373926506362,228.57335925244223,55824200,5.474502676256236,2.115873866890792
2025-09-15,236.0322265625,237.5180285002954,234.3669397384463,236.33138325533858,42699500,3.1510887618491097,-0.12658356614253077
2025-09-16,237.4781494140625,240.53949594661788,235.65332541334,236.51088466190768,63421100,4.886170533277863,0.4089726160119538
2025-09-17,238.3157958984375,239.42266510979977,237.05934071942244,238.2958480596019,46508000,2.363324390377329,0.00837103919268299
2025-09-18,237.2089080810547,240.51953392817583,235.98236714862816,239.2930082114909,44249600,4.537166779547675,-0.8709406706084166
2025-09-19,244.8074188232422,245.60516498271895,239.53234916144805,240.5494606794321,163741300,6.072815821270893,1.7700967326151946
2025-09-22,255.35755920410156,255.9160073848096,247.42002368458668,247.5995237986898,105517400,8.495983700222922,3.1332998086536756
2025-09-23,253.71221923828125,256.6140134777918,252.86462630601793,255.15814081026073,60275200,3.7493871717738614,-0.5666766372367835
2025-09-24,251.59820556640625,255.01853710208397,250.33178410429736,254.49999981420794,42303700,4.686752997786613,-1.1401942042907973
2025-09-25,256.14532470703125,256.4444966190252,250.99989343760635,252.49566170312627,55202100,5.444603181418842,1.44543592523031
2025-09-26,254.73931884765625,256.87328100426123,253.06405044687503,253.38315498635407,46076300,3.8092305573862006,0.5352225807493851
2025-09-29,253.71221923828125,254.28061851263055,252.29622703166862,253.84185736381545,40127700,1.984391480961932,-0.05107042899879106
2025-09-30,253.9116668701172,255.1980209495745,252.39595068950493,254.1410137555297,37704300,2.80207026006957,-0.09024394843767514
2025-10-01,254.72933959960938,258.0599285933123,254.21080232618834,254.32049261064776,48713900,3.8491262671239497,0.1607605367403634
2025-10-02,256.40460205078125,257.45162766856953,253.43299812845933,255.85613542550084,42630200,4.018629540110197,0.2143652425486244
2025-10-03,257.2920837402344,258.5086431914624,253.23357360959045,253.9515436206674,49155600,5.275069581871946,1.3154242230387125
2025-10-06,255.9658660888672,258.339156849437,254.33049322602108,257.262186546101,44664100,4.008663623415941,-0.5038907873083532
2025-10-07,255.75643920898438,256.67382669789566,254.70938317067183,256.0854948355218,31955800,1.9644435272238354,-0.1284944415726303
2025-10-08,257.33197021484375,257.7906639625656,255.3874592951906,255.7963062732735,36496900,2.403204667374979,0.6003464099789078
2025-10-09,253.32330322265625,257.27213808351553,252.42584836214985,257.08267167133846,38322000,4.846289721365679,-1.4623188814095918
2025-10-10,244.57806396484375,255.6567217403356,243.3116425485481,254.2207817432353,61999100,12.345079191787505,-3.7930485903905233
2025-10-13,246.96133422851562,248.98560621270488,244.86725241658198,248.67648318296307,38142900,4.1183537961229035,-0.6897109579861344
2025-10-14,247.07101440429688,248.14796941642882,244.00966795095763,245.90431694508948,35478000,4.138301465471187,0.4744518004813727
2025-10-15,248.63656616210938,251.1095806192417,246.77184661648403,248.78615211625979,33893600,4.337734002757685,-0.06012631847793023
2025-10-16,246.7519073486328,248.33741809379524,244.43846029169785,247.54965348458146,39777000,3.898957802097385,-0.3222570198420132
2025-10-17,251.5782470703125,252.66518358811555,246.57242016484557,247.3203043073955,49147000,6.092763423269986,1.7216308927166697
2025-10-20,261.50018310546875,263.63416054313814,254.90884523128253,255.168106265739,90483000,8.72531531185561,2.4815314626881126
2025-10-21,262.0286865234375,264.5415968076956,261.0913359303388,261.141213133835,46695900,3.4502608773568113,0.3398442470846946
2025-10-22,257.72088623046875,262.1084670888602,254.70938662410154,261.9090191460537,45015300,7.3990804647586685,-1.5990793021333276
2025-10-23,258.84765625,259.8847307097371,257.2821086816683,259.2066564378435,32754900,2.6026220280687653,-0.1384996021232882
2025-10-24,262.07855224609375,263.3848541030092,258.44880663072195,260.4531458541269,38253700,4.936047472287271,0.6240686349310639
2025-10-27,268.0516662597656,268.36078929414754,263.90339825112477,264.13276036080543,44888200,4.457391043022767,1.483687935418145
2025-10-28,268.2411193847656,269.12862319727753,267.39351124836816,268.23113785786586,41534800,1.7351119489093776,0.003721240934023721
2025-10-29,268.93914794921875,270.6443152614699,266.35642794866993,268.5203194424725,51086700,4.287887312799967,0.15597646674034327
2025-10-30,270.63433837890625,273.36662916750566,267.72259312931254,271.2226702585742,69886500,5.644036038193121,-0.21691840107137092
2025-10-31,269.6072692871094,276.53767519933945,268.40069127196034,276.2085891024436,86167100,8.136983927379106,-2.3899762989940445
2025-11-03,268.29095458984375,270.08589475979994,265.49886601188945,269.65711516237894,50194600,4.5870287479104945,-0.5066287873444522
2025-11-04,269.2781982421875,270.72408938596277,266.86501191822913,267.5730004152706,49274800,3.8590774677336412,0.6372832177650403
2025-11-05,269.3779296875,270.9335263776032,266.17696342424256,267.8522167164328,43683100,4.756562953360628,0.5696099848531158
2025-11-06,269.0089416503906,272.6287059365568,267.1342708755924,267.1342708755924,51204000,5.494435060964406,0.7017709740699235
2025-11-07,267.7126159667969,271.5218466038475,266.0173996929098,269.03885049148494,48227400,5.504446910937702,-0.4929527918608308
2025-11-10,268.93035888671875,273.22240319845355,266.96401085683,268.46122924118225,41312400,6.258392341623562,0.1747476337132605
2025-11-11,274.73956298828125,275.3983427074405,269.2996575494418,269.3096487524697,46208300,6.098685157998716,2.01623456900438
2025-11-12,272.9628601074219,275.2186787593472,271.19615348009904,274.49002155435767,48398000,4.022525279248157,-0.5563631924715947
2025-11-13,272.44384765625,276.1868935731559,271.5854266195937,273.6016697208788,49602800,4.601466953562181,-0.42317799661456623
2025-11-14,271.9048156738281,275.44821996704485,269.10002929321837,270.54732197227213,47431300,6.34819067382648,0.5017583214869605
2025-11-17,266.9639892578125,269.98836893107386,265.237217022597,268.3214829895084,45018300,4.7511519084768565,-0.5059206279614181
2025-11-18,266.9440612792969,270.2079864201871,264.8279974843966,269.48932037088264,45677300,5.37998893579055,-0.9444749380357147
2025-11-19,268.06195068359375,271.7051756343288,265.00762791735707,265.0375710636542,40424500,6.697547716971712,1.1411135439409832
2025-11-20,265.7562561035156,274.91922505965954,265.42688147061517,270.327749378444,45823600,9.492343589044367,-1.691092862438092
2025-11-21,270.98651123046875,272.8230952896135,265.17732758833057,265.4568071090486,59030800,7.645767701282921,2.0830899691898117
2025-11-24,275.4083251953125,276.4863089537433,270.397615191446,270.397615191446,65585800,6.088693762297282,1.8530895697134164
2025-11-25,276.4563903808594,279.8600705608694,274.73957871594786,274.75953066216096,46914200,5.12049184492156,0.6175799305702141
2025-11-26,277.0352783203125,279.01161742605893,276.1170014953278,276.44637611579356,33431400,2.8946159307311063,0.21302583625559074
2025-11-28,278.3328857421875,278.4826014787427,275.4781737009374,276.7458380127342,20135600,3.00442777780529,0.5734676050955636
2025-12-01,282.57501220703125,282.89442609469603,275.62792768573877,277.4944549964911,46587700,7.266498408957261,1.8308680116164562
2025-12-02,285.6592712402344,286.86701880065203,282.10587559562896,282.47518456741903,53669500,4.761143205023075,1.1272093432530836
2025-12-03,283.623046875,288.0847586222564,282.77461708045536,285.6692634925469,43538700,5.310141541801045,-0.7162886873198046
2025-12-04,280.179443359375,284.20196835267484,278.07334059490756,283.5731318378766,43989100,6.128627757767276,-1.1967595295459144
2025-12-05,278.26300048828125,280.6186397013617,277.53434330937836,280.01974631085085,47265800,3.0842963919833437,-0.6273649789752432
2025-12-08,277.3746643066406,279.15136205700173,275.6378704438954,277.6142094762677,38211800,3.513491613106339,-0.08628707085239107
2025-12-09,276.66595458984375,279.5106752769474,276.40645748061854,277.64414811825674,32193300,3.1042177963288395,-0.352319159270141
2025-12-10,278.26300048828125,279.2312028389952,275.92734368017386,277.23491184461454,33038300,3.3038591588213535,0.37083664421129336
2025-12-11,277.514404296875,279.07150890817053,273.3022288840155,278.5824273392719,33248000,5.769280024155023,-0.38337775020395704
2025-12-12,277.7639465332031,278.70220580092337,276.30666253778065,277.38464634485007,39532900,2.395543263142713,0.136741594515474
2025-12-15,273.6016540527344,279.63046152672615,272.33402020742307,279.63046152672615,50409100,7.296441319303085,-2.155990960740006
2025-12-16,274.1007385253906,274.9891026980292,271.2859911871425,272.3140798989353,37648600,3.7031115108867425,0.6561021843301024
2025-12-17,271.33587646484375,275.6478724530811,271.13626563598973,274.50001118897205,50138700,4.511606817091376,-1.1526901985989502
2025-12-18,271.68524169921875,273.12257373871984,266.4549687260805,273.1025913325419,51630700,6.667605012639342,-0.5189806608599116
2025-12-19,273.1625061035156,274.09077415448866,269.399477884542,271.6453053723066,144632000,4.691296269946633,0.5585227137018248
2025-12-22,270.4674987792969,273.37210596231955,270.00836035897595,272.3539780142796,36571800,3.3637456033436024,-0.6926571253840232
2025-12-23,271.85491943359375,271.99467443806464,269.06012395403746,270.3377490962612,29642000,2.93455048402717,0.5612129058573846
2025-12-24,273.3022155761719,274.9192064044749,271.69521595033444,271.8349404799371,17910600,3.2239904541404485,0.5397669238708824
2025-12-26,272.8929748535156,274.859322715931,272.35396775197984,273.65157518449314,21521800,2.505354963951163,-0.2772139464083386
2025-12-29,273.2523498535156,273.8512128461511,271.8449608988494,272.1843267483383,23715200,2.0062519473016778,0.3923896419520136
2025-12-30,272.5735778808594,273.5717234473003,271.77507361210075,272.304089543875,22139600,1.7966498351995597,0.09896595289323816
2025-12-31,271.3558349609375,273.17246717497864,271.24605357156486,272.553621806917,27293600,1.9264136034137778,-0.43946832848475603
2026-01-02,270.5074157714844,277.32473598417806,268.5011336129586,271.75509761912826,37838100,8.823602371219465,-0.45911994239480564
2026-01-05,266.7643737792969,271.0064921177503,265.6464557026853,270.1381104139889,45647200,5.3600364150650535,-1.2488932529815002
2026-01-06,261.8734436035156,267.0538212812338,261.6338984265986,266.504853430471,52352100,5.419922854635217,-1.7378332016619904
2026-01-07,259.8471984863281,263.1909919246956,259.32817380451803,262.71190159101934,48309800,3.8628181201775647,-1.0904352209938648
2026-01-08,258.55963134765625,258.80916773471864,255.22581364132833,256.5433578451618,50419300,3.5833540933903123,0.7859386886607309
2026-01-09,258.8890075683594,259.7274461787287,255.74485516422806,258.5995368285105,39997000,3.982591014500656,0.11193784157503264
2026-01-12,259.76739501953125,260.8154357257053,256.32378048041085,258.6794199598783,45263800,4.491655245294453,0.4205881781479487
2026-01-13,260.5658874511719,261.3244878277737,257.9108470550362,258.24022168851656,45730800,3.4136407727374944,0.900582313416879
2026-01-14,259.4779052734375,261.33447181199796,256.23393227813756,259.0087756526009,40019400,5.100539533860399,0.1811249907091325
2026-01-15,257.73114013671875,260.5559089501236,256.5732877053955,260.1666175851947,39388600,3.9826212447280795,-0.9361221939545704
2026-01-16,255.05613708496094,258.41988279267105,254.45724364888233,257.4217372195352,72142800,3.9626391437887207,-0.9189589659853886
2026-01-20,246.2425079345703,254.31750190322293,242.9685916985444,252.26132447540706,80267500,11.348910204678532,-2.3859450327366876
2026-01-21,247.1907501220703,251.09350304772093,244.72532928784554,248.23880604127606,54641700,6.36817375987539,-0.4221966484287252
2026-01-22,247.8894500732422,250.53452965267718,247.68980878155546,248.737864640942,39708300,2.844720871121723,-0.3410878230881827
2026-01-23,247.58001708984375,248.94748685874615,244.22624741136653,246.86136630134166,41689000,4.721239447379617,0.29111513043512754
2026-01-26,254.9363555908203,256.08421686766076,249.336758511775,251.01363570547153,55969200,6.747458355885755,1.5627517104096815
2026-01-27,257.791015625,261.46421404872183,257.73112933459527,258.68937090303496,49648300,3.733084714126562,-0.3472718167348622
2026-01-28,255.96446228027344,258.3799575946877,254.03803333601454,257.17220993748055,41288000,4.341924258673174,-0.46962603677151404
2026-01-29,257.801025390625,259.16847988830324,253.93820707645818,257.52154586161765,67253000,5.2302728118450545,0.10852665864219702
2026-01-30,258.9988098144531,261.41430490835,251.7123292610244,254.69678984095313,92443400,9.701975647325611,1.6890750669399546
2026-02-02,269.5093078613281,269.98839826257677,258.7293169184304,259.5478036352127,73913400,11.259081344146352,3.838022933191936
2026-02-03,268.98028564453125,271.3758289780004,267.11372779647115,268.70080609664296,64394700,4.26210118152926,0.10401142890050222
2026-02-04,275.97723388671875,278.432693698261,271.7850411492978,271.7850411492978,90545700,6.647652548963208,1.542466325480395
2026-02-05,275.3983459472656,278.98168486317746,272.72332314901723,277.6142303156022,52977400,6.25836171416023,-0.7981883226293769
2026-02-06,277.6042175292969,280.3890519626743,276.4164219647768,276.6060720438839,50453400,3.9726299978974566,0.3608545098224089
2026-02-09,274.3672180175781,277.9439398399519,271.4499228389202,277.6541982366954,44623400,6.494017001031693,-1.1838395529374133
2026-02-10,273.4280700683594,275.11651686144285,272.68876099546605,274.6369782150198,34376900,2.427755865976792,-0.4401840402256112
2026-02-11,275.24639892578125,279.92208361183503,274.1973776592452,274.44714753122867,51931300,5.724705952589829,0.2912223361555031
2026-02-12,261.4891052246094,275.46621856633783,259.94051360693726,275.3363333447182,81077200,15.52570495940057,-5.029204809948648
2026-02-13,255.5445556640625,261.9886306947134,255.21485759663088,261.7688319830923,56290700,6.773773098082501,-2.377775945240045
2026-02-17,263.6371154785156,266.0449008431299,255.30478047881587,257.8124646511843,58469100,10.74012036431401,2.259258812490684
2026-02-18,264.106689453125,266.57441720150126,262.20844437502524,263.35737977838915,34203300,4.365972826476025,0.2845219964469523
2026-02-19,260.3401184082031,264.2365527856389,259.81060750150084,262.35827847824623,30845300,4.425945284138038,-0.7692381889944622
2026-02-20,264.3364562988281,264.5063132392292,257.9223826043077,258.73163460792017,42070500,6.583930634921501,2.166268419167782
2026-02-23,265.9349670410156,269.1819753311392,263.13755670993424,263.24744081710827,37308200,6.044418621204954,1.020912573951486
2026-02-24,271.8895263671875,274.6369951599546,267.46358073991865,267.61343657617186,47014600,7.173414420035954,1.5978606477027604
2026-02-25,273.97760009765625,274.6869380517792,270.8005039088116,271.5298429675081,33714300,3.8864341429675733,0.9014689153122118
2026-02-26,272.6987609863281,275.8558253670768,270.55071567552415,274.6969199809464,32345100,5.305109691552673,-0.7274049504293226
2026-02-27,263.93682861328125,272.5588900215503,262.6480379442022,272.5588900215503,72366500,9.910852077348125,-3.16337559475215
2026-03-02,264.476318359375,266.2846497598317,259.960490133898,262.16844722421786,41827900,6.324159625933703,0.8803008751023921
2026-03-03,263.5072326660156,265.31556422164516,259.8905695547566,263.23749216234586,38568900,5.424994666888551,0.10247039715125744
2026-03-04,262.2783508300781,265.9050144519466,261.179387723623,264.4063951364299,39803100,4.725626728323618,-0.8048384401798435
2026-03-05,260.0504150390625,261.3192350446657,257.01320478174756,260.54995479568396,49658600,4.306030262918114,-0.19172513655325116
2026-03-06,257.2229919433594,258.53178361058343,254.13584003818684,258.39192833924307,41120000,4.39594357239659,-0.4523888975157896
2026-03-09,259.6407775878906,260.9095975388004,253.44647267699952,255.45463216869055,38218500,7.463124861800907,1.6387040562395185
2026-03-10,260.58990478515625,262.2384104290217,256.71350175461305,257.4128391437035,30590800,5.524908674408664,1.234229672467557
2026-03-11,260.5699157714844,261.888707997661,259.3110658747261,260.8496568052655,26218900,2.57764212293489,-0.10724224720371142
2026-03-12,255.52456665039062,258.71164792954545,253.94601921584928,258.4219063383753,40794000,4.765628713696174,-1.121166440197584
2026-03-13,249.8897705078125,256.0940459350445,249.29033192864068,255.24483747003174,36930000,6.803714006403823,-2.0980118600236053
2026-03-16,252.58729553222656,253.6563027081548,249.6499992581203,251.87794235419486,32074200,4.0063034500345225,0.281625763416076
2026-03-17,253.99598693847656,254.89516767044782,251.94787083452104,252.72716690012706,32361600,2.947296835926778,0.5020513045401709
2026-03-18,249.70994567871094,254.70534343896443,248.7708084606242,252.3974721128864,35757900,5.934534978340224,-1.064799267471839
2026-03-19,248.73085021972656,251.5982036354298,247.0723745163624,249.17043241392184,34864100,4.525829119067396,-0.1764182812289092
2026-03-20,247.76173400878906,248.97061168291066,245.77356028907465,247.7517334570195,88331100,3.1970513938360057,0.004036521411988366
2026-03-23,251.25851440429688,254.3656523266213,250.0496214753341,253.73622734962268,40546100,4.316030851287195,-0.9764915996452369
2026-03-24,251.4083709716797,254.5954370944537,249.32029842391177,250.1195650925759,45152300,5.275138670541935,0.515275915591317
2026-03-25,252.38746643066406,254.76528059453105,251.3684162845015,253.86611511385965,28476700,3.3968643100295424,-0.5824521648083711
2026-03-26,252.6572265625,256.76344411909713,250.53918279672283,251.88793104116345,41796700,6.2242613223743035,0.30541182269301625
2026-03-27,248.57098388671875,255.2548282141602,247.8416601166152,253.666280215245,47900000,7.413168097544997,-2.008661271101032
2026-03-30,246.40298461914062,250.63907198816298,245.28400520065438,249.83982057534305,39446200,5.355066787508605,-1.37561576384738
2026-03-31,253.55638122558594,255.24482803058763,246.87255213324852,247.6818040942864,49598100,8.372275897339108,2.371824265727338
2026-04-01,255.3946990966797,255.94418062939917,253.096813183035,253.8461228128272,40059400,2.84736744636416,0.6100452773093314
2026-04-02,255.68443298339844,255.89424639361263,250.4192795609811,253.96601496217014,31289400,5.474966832631537,0.6766330611142093
2026-04-06,258.6217041015625,261.9186847371787,256.2239194053331,256.27389167390277,29329900,5.694765331845588,0.9161340674715397
2026-04-07,253.26666259765625,255.96418954301222,245.47383916108728,255.92421782448065,62148000,10.49035038192494,-1.0384149063403678
2026-04-08,258.66168212890625,259.51090582044134,256.29386854025813,258.2121146377317,41032800,3.217037280183206,0.17410782286698115
2026-04-09,260.2502136230469,260.879638597066,255.8342992320816,258.7615948993736,28121600,5.045339364984386,0.5752858047780022
2026-04-10,260.240234375,261.94865175168746,258.78155637925676,259.7406946341393,31291500,3.1670953724307083,0.19232247821787965
2026-04-13,258.96142578125,259.9405042051452,256.4237552437805,259.49093671136296,36234700,3.5167489613647263,-0.20405758167266883
2026-04-14,258.59173583984375,261.68888841493145,256.9532612999924,259.01136264890187,48370700,4.735627114939064,-0.16201096537487938
2026-04-15,266.18475341796875,266.3146386359468,257.57269269729437,257.92237663273806,49913500,8.741945938652407,3.2034354262312354
2026-04-16,263.15753173828125,266.91408037974617,261.0294875448873,266.55439590858066,43323100,5.884592834858893,-1.2743605892226295
2026-04-17,269.98126220703125,272.0493335842862,266.47448343207725,266.7142527536172,61436200,5.574850152208967,1.2249099625103386
2026-04-20,272.79864501953125,274.0275237795767,270.04120633500696,270.08114756253855,36590200,3.9863174445697496,1.006178136281598
2026-04-21,265.9250183105469,272.5488901425708,265.1557075406741,271.250098918132,50209800,7.39318260189674,-1.9631626417184496
2026-04-22,272.9185791015625,273.48803128351057,266.62435952726383,267.5734973129919,43249200,6.863671756246731,1.997612559631885
2026-04-23,273.1783142089844,275.5161566987003,271.39995382845746,274.79681820267325,33399600,4.11620287024283,-0.5889820720177213
2026-04-24,270.81048583984375,272.80864483253174,269.4017800912603,272.50893317942314,38157100,3.40686474127142,-0.6232629953679758
2026-04-27,267.3636474609375,268.1129570778125,264.8260075108844,265.84505761361925,41466800,3.286949566928115,0.5712311753884026
2026-04-28,270.4608154296875,272.97851539952296,268.4127145556596,272.0893199684016,40018900,4.5658008438633715,-0.5985183611408212
2026-04-29,269.92132568359375,270.7905199823619,266.7942019267937,267.3037117460274,30047900,3.9963180555682243,0.9792658397700972
2026-04-30,271.1002502441406,275.7459641951834,267.893213328058,270.25102650288807,91848200,7.852750867125394,0.3142351584161265
2026-05-01,279.88214111328125,286.95561044034525,278.1137509144006,278.6032901046287,79915400,8.841859525944642,0.4590222205101373
2026-05-04,276.5751647949219,280.3716851917065,274.60697695873915,279.4025768563376,46668400,5.764708232967337,-1.011949171417093
2026-05-05,283.9184265136719,284.30808218316156,276.2455026895375,276.6750995896243,49311700,8.062579493624071,2.6179901750432713
2026-05-06,287.245361328125,287.76487170009636,280.8112868075762,281.66051049385584,58336100,6.953584892520155,1.9828306156503221
2026-05-07,287.1754150390625,291.8611003514943,285.5169394038565,289.00371711581823,45224300,6.344160947637818,-0.6326223396023108
2026-05-08,293.0500183105469,294.4886952888782,289.7330669166447,289.7430674686918,52692800,4.755628372233502,1.141339073526731
2026-05-11,292.67999267578125,293.8800048828125,290.2300109863281,291.9800109863281,42247300,3.649993896484375,0.2397361679275714
2026-05-12,294.79998779296875,295.2699890136719,292.55999755859375,292.55999755859375,45748100,2.709991455078125,0.7656515767937057
2026-05-13,298.8699951171875,300.9200134277344,293.5,293.5,52684300,7.420013427734375,1.829640585072402
2026-05-14,298.2099914550781,300.45001220703125,295.3800048828125,299.82000732421875,35324900,5.07000732421875,-0.5369941397538521
2026-05-15,300.2300109863281,303.20001220703125,296.5199890136719,297.8999938964844,54862800,6.680023193359375,0.7821474110715808
2026-05-18,297.8399963378906,300.6600036621094,294.9100036621094,300.239990234375,34483000,5.75,-0.7993585047118069
2026-05-19,298.9700012207031,300.510009765625,296.3500061035156,296.9700012207031,42243600,4.160003662109375,0.6734686977738312
2026-05-20,302.25,302.79998779296875,298.0799865722656,298.17999267578125,38229800,4.720001220703125,1.3649498370751432
2026-05-21,304.989990234375,305.5400085449219,300.3999938964844,301.05999755859375,42965100,5.1400146484375,1.3053852081482118
2026-05-22,308.82000732421875,311.3999938964844,305.8399963378906,306.1199951171875,43670200,5.55999755859375,0.8820110577872063
2026-05-26,308.3299865722656,311.82000732421875,307.6700134277344,309.55999755859375,48000500,4.149993896484375,-0.397341709532514
2026-05-27,310.8500061035156,313.260009765625,308.29998779296875,308.3299865722656,50430900,4.96002197265625,0.817312503161078
2026-05-28,312.510009765625,312.79998779296875,309.57000732421875,310.67999267578125,48220400,3.22998046875,0.5890360283848453
2026-05-29,312.05999755859375,315.0,309.5299987792969,311.7799987792969,70026800,5.470001220703125,0.08980652395700367
2026-06-01,306.30999755859375,310.94000244140625,305.0199890136719,309.6300048828125,48849900,5.920013427734375,-1.0722498698003422
2026-06-02,315.20001220703125,315.45001220703125,306.69000244140625,307.4599914550781,44534700,8.760009765625,2.517407456925657
2026-06-03,310.260009765625,316.94000244140625,308.8500061035156,314.17999267578125,50836700,8.089996337890625,-1.2476869952064342
2026-06-04,311.2300109863281,313.5400085449219,309.6499938964844,313.2300109863281,44869100,3.8900146484375,-0.6385084218789292
2026-06-05,307.3399963378906,315.1700134277344,307.1499938964844,312.8599853515625,65310500,8.02001953125,-1.7643640197288357
2026-06-08,301.5400085449219,317.3999938964844,301.1700134277344,308.739990234375,77949100,16.22998046875,-2.3320534809848814
2026-06-09,290.54998779296875,300.75,287.7799987792969,300.2799987792969,70108800,12.970001220703125,-3.2403127167586
2026-06-10,291.5799865722656,294.75,287.3800048828125,290.739990234375,52793300,7.3699951171875,0.28891668367102735
2026-06-11,295.6300048828125,297.0,289.5899963378906,293.7200012207031,42572500,7.410003662109375,0.6502804215482029
2026-06-12,291.1300048828125,297.1400146484375,289.6199951171875,296.0299987792969,38742100,7.52001953125,-1.655235589869232
2026-06-15,296.4200134277344,297.7799987792969,291.70001220703125,294.1199951171875,45732600,6.079986572265625,0.7819999825684985
2026-06-16,299.239990234375,300.4800109863281,293.9700012207031,295.25,39874400,6.510009765625,1.3513938135055037
2026-06-17,295.95001220703125,302.07000732421875,294.3599853515625,300.8500061035156,42745100,7.71002197265625,-1.6287165687470184
2026-06-18,298.010009765625,300.57000732421875,295.6199951171875,298.1099853515625,85962200,4.95001220703125,-0.03353647675357077
2026-06-22,297.010009765625,302.4200134277344,296.760009765625,297.30999755859375,44879900,5.660003662109375,-0.10090067452562825
2026-06-23,294.29998779296875,301.6400146484375,294.17999267578125,297.5400085449219,52010900,7.46002197265625,-1.0889361628367213
2026-06-24,293.0799865722656,299.70001220703125,292.94000244140625,295.3599853515625,52882100,6.760009765625,-0.7719389532685097
