Date,Daily_Return,MA5,MA5_to_MA20,Price_to_MA20,Lag1_Return,Lag2_Return,Volatility_5d,Volume_Change,RSI_14,Close_to_MA50,Target
2024-09-04,-0.008618762157690196,224.10008850097657,1.011513665120389,0.9894268525147366,-0.027205212861720285,-0.0034379735751900453,0.01488597583291809,-0.1265256840922404,48.215029181774945,0.9948691072992462,1
2024-09-05,0.00692777741232975,223.28420715332032,1.004949021452593,0.9934323841325718,-0.008618762157690196,-0.027205212861720285,0.015995327602231216,-0.16479851825493497,44.89086106141517,1.0005397431109644,0
2024-09-06,-0.007014986527561939,221.50355529785156,0.9952104775444195,0.9847573258461345,0.00692777741232975,-0.008618762157690196,0.012387082219474174,0.3224763350939768,38.69438213448975,0.9928226487090976,1
2024-09-09,0.00040754709835377767,219.89759521484376,0.986912244440274,0.9840790782812846,-0.007014986527561939,0.00692777741232975,0.012842071969852382,0.38735724758895573,39.20214397141367,0.992597345201953,0
2024-09-10,-0.003621543958950646,219.36954650878906,0.983976892679204,0.9799520647577494,0.00040754709835377767,-0.007014986527561939,0.006252034553060709,-0.23204822863947605,36.2306521464467,0.9881382896382274,1
2024-09-11,0.011585301844969642,219.72885437011718,0.9852836894657679,0.9909984668393061,-0.003621543958950646,0.00040754709835377767,0.007599009493116273,-0.13575817487546282,42.718112990907194,0.9990335670193017,1
2024-09-12,0.0004940045249570701,219.8062744140625,0.9854005954196494,0.9912564038798514,0.011585301844969642,-0.003621543958950646,0.007004823901216708,-0.15994536536352444,46.32115760958638,0.9992800781174183,0
2024-09-13,-0.0012122150645912377,220.13976440429687,0.9873833370711042,0.9905440413501567,0.0004940045249570701,0.011585301844969642,0.005863028846946939,-0.01839511314729969,40.08226138717377,0.9979607520759759,0
2024-09-16,-0.02777507931522305,219.2285949707031,0.9854307962513291,0.965121904094444,-0.0012122150645912377,0.0004940045249570701,0.014458656574127057,0.6144381041488742,30.411408042263687,0.9710923709093569,1
2024-09-17,0.002172654542953234,218.56954040527344,0.9844668218628713,0.9691862315967963,-0.02777507931522305,-0.0012122150645912377,0.014736707340228285,-0.2331318420281212,29.444093322867232,0.9741438823754958,1
2024-09-18,0.017989782608479832,218.1784698486328,0.9839855022294547,0.9879068978828976,0.002172654542953234,-0.02777507931522305,0.016489698462302006,0.3158132923836703,40.235731714513186,0.9923575114787734,1
2024-09-19,0.03706551490586185,219.38938903808594,0.9889000516314816,1.0239580948953393,0.017989782608479832,0.002172654542953234,0.024060458476608825,0.11497473073667375,48.669719957890585,1.029495336649429,0
2024-09-20,-0.0029273983447458685,220.52091369628906,0.9931850272837514,1.0201230620806572,0.03706551490586185,0.017989782608479832,0.024194573952309836,3.7719930579368777,48.83922823700716,1.0263991259683212,0
2024-09-23,-0.0075810224170778095,222.5358093261719,1.0023426322852604,1.0124732152886278,-0.0029273983447458685,0.03706551490586185,0.01824625812573224,-0.8300928298270459,56.17489484829777,1.0189666036629756,1
2024-09-24,0.003973999401418737,224.6360656738281,1.0117595999818427,1.0164536067297933,-0.0075810224170778095,-0.0029273983447458685,0.018086347214041246,-0.1955804676245706,61.264668650906245,1.0236385752293176,0
2024-09-25,-0.004398091960473027,225.76361389160155,1.0172155077119556,1.0123587849922455,0.003973999401418737,-0.0075810224170778095,0.018292369221623698,-0.028638927727689167,57.02217231909746,1.0198875694104392,1
2024-09-26,0.0050801351334279765,225.49562377929686,1.015774084781615,1.0172674115750249,-0.004398091960473027,0.003973999401418737,0.0054803091376402265,-0.13406226142613697,61.964251889390006,1.0251699219484873,1
2024-09-27,0.0011867046644595813,225.4142333984375,1.0158616587981024,1.0189301870152654,0.0050801351334279765,-0.004398091960473027,0.005459384256465398,-0.071259147248524,62.207211532166866,1.0260287400971966,1
2024-09-30,0.022871940162120685,226.71051330566405,1.0207903105271674,1.0413035256502359,0.0011867046644595813,0.0050801351334279765,0.010253912879268592,0.6029477458414154,69.7760533981155,1.0486505800226091,0
2024-10-01,-0.02914159893673085,226.48023986816406,1.0189702094601887,1.0101817632130328,0.022871940162120685,0.0011867046644595813,0.01880853586660052,0.16030061292327558,54.8194347686526,1.0178613552819853,1
2024-10-02,0.0025197433242130085,226.56162719726564,1.0179884943614839,1.0113880119881633,-0.02914159893673085,0.022871940162120685,0.01873937432979793,-0.48043612230386346,55.37676720745663,1.0202397097529237,0
2024-10-03,-0.004894564148020919,226.1943817138672,1.0155933116834197,1.005699894249701,0.0025197433242130085,-0.02914159893673085,0.01866111523030874,0.0353886486256334,54.15689964786318,1.0145721351606303,1
2024-10-04,0.005007265930890625,225.99785461425782,1.0133606279627603,1.0093906970112907,-0.004894564148020919,0.0025197433242130085,0.018875189717178456,0.09402188919111043,65.84041037385555,1.0187764945490934,0
2024-10-07,-0.02253071448925692,223.75269165039063,1.0031193356042447,0.9864771738537926,0.005007265930890625,-0.004894564148020919,0.015258298756416457,0.060687177642159584,56.49528838445442,0.9954666138150728,1
2024-10-08,0.018403979258250436,223.66534729003905,1.001466607906017,1.0033687350772666,-0.02253071448925692,0.005007265930890625,0.015010592460503496,-0.19363681927027698,56.701877724793974,1.0130791126908962,1
2024-10-09,0.01669845096405953,224.21324462890624,1.0023873728288366,1.0185662466114944,0.018403979258250436,-0.02253071448925692,0.01689695529741767,0.05447690680160844,51.00033877111467,1.0289808162470846,0
2024-10-10,-0.002178256732912498,224.88223266601562,1.0039815359927367,1.014935635841523,0.01669845096405953,0.018403979258250436,0.016640003465673493,-0.1609831175519706,51.26054025922251,1.0260755345810957,0
2024-10-11,-0.006505407659549878,225.03112182617187,1.003523400419936,1.0072060974014982,-0.002178256732912498,0.01669845096405953,0.017096926296118396,0.1268721060194795,51.6324293275422,1.018538782634544,1
2024-10-14,0.01647979699711377,226.93881530761718,1.0086866352136656,1.020421644523594,-0.006505407659549878,-0.002178256732912498,0.01191780410657675,0.25576525857074484,55.468983989252024,1.034241358764278,1
2024-10-15,0.011024619010494119,228.54278869628905,1.0120075498438683,1.0278036127760537,0.01647979699711377,-0.006505407659549878,0.010801696381015989,0.6235704739720325,59.97867108558013,1.0433275057396527,0
2024-10-16,-0.008851818843336412,228.987451171875,1.011511396165698,1.0162290258448985,0.011024619010494119,0.01647979699711377,0.011165458312553857,-0.47364535747489633,55.546890325680124,1.0318098089406387,1
2024-10-17,0.0015963480057221702,229.60481872558594,1.0135097417492163,1.0171199191820726,-0.008851818843336412,0.011024619010494119,0.01093814793897922,-0.031934558215138686,55.662356175542214,1.031384147297135,1
2024-10-18,0.012276619644776554,231.08373107910157,1.0185206440058254,1.0280752442473733,0.0015963480057221702,-0.008851818843336412,0.010163191843385082,0.40727954949111655,52.767051124660775,1.0420149835782861,1
2024-10-21,0.006297832644375667,232.11202392578124,1.020817767064329,1.0322896089079916,0.012276619644776554,0.0015963480057221702,0.008558271404244833,-0.21918309768153088,66.65591255762472,1.0466755093974849,0
2024-10-22,-0.002621786466966314,232.51103515625,1.020681235508432,1.0276788349570765,0.006297832644375667,0.012276619644776554,0.00810904793838542,0.07149733136576142,64.70213393020713,1.0422402143725238,0
2024-10-23,-0.021623078817787023,232.3085510253906,1.0188179784783742,1.0044965629304,-0.002621786466966314,0.006297832644375667,0.01288446849509804,0.3459865213429232,57.298522682634434,1.0188492586672,0
2024-10-24,-0.0008232869080260219,231.99490356445312,1.0167674749229587,1.003003747182284,-0.021623078817787023,-0.002621786466966314,0.012816528014666527,-0.4050241933941515,55.55558072699443,1.0172155112070727,1
2024-10-25,0.003643102624613981,231.28224182128906,1.0128465982353025,1.0058658056354237,-0.0008232869080260219,-0.021623078817787023,0.010980408206775363,0.2472813770713127,66.38567131007001,1.020319047297507,1
2024-10-28,0.008599503947592568,230.6708251953125,1.0100812295833634,1.014427562510449,0.003643102624613981,-0.0008232869080260219,0.01150471472871638,-0.0699752334268845,63.837507102498435,1.0284267176236999,1
2024-10-29,0.001156874074085712,230.2360870361328,1.0065457735908772,1.0139573248469105,0.008599503947592568,0.003643102624613981,0.011623555130274967,-0.018563420169534273,58.57915302539282,1.0289110358672173,0
2024-10-30,-0.015277973686066426,230.10507507324218,1.0052489113359266,0.9977474106701617,0.001156874074085712,0.008599503947592568,0.008960976241588002,0.32904069209310727,51.95282916801915,1.0128711346282953,0
2024-10-31,-0.01820949244279313,229.1800109863281,1.0011555334198474,0.9795279669426475,-0.015277973686066426,0.001156874074085712,0.011967233236301236,0.367513686800125,47.251994287610174,0.9944701655641087,0
2024-11-01,-0.013279682723741582,227.49266052246094,0.9946232722238312,0.9673359355344384,-0.01820949244279313,-0.015277973686066426,0.011647772989799939,0.014084178834583128,35.57925443649398,0.9814038900081697,0
2024-11-04,-0.0040376045849588316,225.23160400390626,0.9846693236682774,0.9633633372248512,-0.013279682723741582,-0.01820949244279313,0.008154910967773835,-0.311477142686441,28.4256767204577,0.9778572535848594,1
2024-11-05,0.006486218188568982,223.2028045654297,0.9762912302897715,0.9701002339066689,-0.0040376045849588316,-0.013279682723741582,0.01008586674597814,-0.37453303518784276,34.46476737891865,0.9845233436676458,0
2024-11-06,-0.0032668598042842056,221.73778381347657,0.9713212010285153,0.9683646611632557,0.006486218188568982,-0.0040376045849588316,0.009594625361924718,0.9408956540608224,32.64634190502491,0.9817664307464047,1
2024-11-07,0.02137210678805812,222.04944458007813,0.9730164195737327,0.989396199362411,-0.0032668598042842056,0.006486218188568982,0.013148952802790706,-0.22769702223745492,37.07013447282196,1.0026613354399343,0
2024-11-08,-0.0011882649459812322,222.90298461914062,0.9768289122292425,0.9882936795929527,0.02137210678805812,-0.0032668598042842056,0.010632724408492332,-0.0903917394637106,33.36885611673095,1.001697759821473,0
2024-11-11,-0.012028589093821318,223.3926544189453,0.9804297226557408,0.9778570110998972,-0.0011882649459812322,0.02137210678805812,0.012547239949658978,0.09592786625200889,31.01725878538882,0.9900436171555272,0
2024-11-12,0.0,223.59646606445312,0.983331769897508,0.9798574730341209,-0.012028589093821318,-0.0011882649459812322,0.012336520716919321,-0.038263945759613005,37.37446876075376,0.9898945948947319,1
2024-11-13,0.003969224708879171,224.12206115722657,0.9870245836569963,0.9851254431230192,0.0,-0.012028589093821318,0.012136927450943542,0.2021842503273652,39.832990930891924,0.9934278883630346,1
2024-11-14,0.013770513408025709,224.31880798339844,0.9886860090486789,0.999494777362495,0.003969224708879171,0.0,0.009319192795047431,-0.07499660257545371,44.723299625604625,1.0065673787625795,0
2024-11-15,-0.014109311366316435,223.929296875,0.9890791542796982,0.9874991407732159,0.013770513408025709,0.003969224708879171,0.0115654180748168,0.0667751464142694,35.983337694501486,0.9919784121258022,1
2024-11-18,0.013422343331317421,224.6824920654297,0.9941949805359865,1.0025577605742892,-0.014109311366316435,0.013770513408025709,0.011472296615677597,-0.06865079282275788,41.52004423421923,1.0046417393123817,1
2024-11-19,0.0011401709151894757,225.487353515625,0.9993647837200794,1.005318811195461,0.013422343331317421,-0.014109311366316435,0.01139865256660524,-0.18868926394181973,47.250016437600124,1.005042217032935,1
2024-11-20,0.003154064412282276,226.25842895507813,1.0031149347048123,1.008824273349758,0.0011401709151894757,0.013422343331317421,0.011398570819117947,-0.028780673703047044,56.6690145511573,1.0076279569673605,0
2024-11-21,-0.0020960313209054116,226.31804809570312,1.003776480719288,1.0071082896056003,0.003154064412282276,0.0011401709151894757,0.009929962993812729,0.19729254810973118,63.00446059782516,1.0049857472741954,1
2024-11-22,0.005907449333256487,227.2858642578125,1.0083546589109351,1.013344818853114,-0.0020960313209054116,0.003154064412282276,0.005873835827743101,-0.09356825138986846,67.64621697679142,1.0102460418857755,1
2024-11-25,0.013050866513805381,228.24970092773438,1.0126917757362284,1.0266317387351946,0.005907449333256487,-0.0020960313209054116,0.0057302894179450375,1.361981015659592,69.70636229635275,1.0219226866824178,1
2024-11-26,0.009404410213577297,229.5970916748047,1.0183001983397542,1.0359105698828002,0.013050866513805381,0.005907449333256487,0.005807134871222004,-0.4899082446690508,74.21558969134183,1.0298603354874278,0
2024-11-27,-0.0005529462352551473,230.77556457519532,1.022381833763929,1.0341794712113628,0.009404410213577297,0.013050866513805381,0.006444488541738194,-0.27155537965737553,68.02435719087123,1.0279863241492782,1
2024-11-29,0.010215751345054924,232.52637634277343,1.0274994252749368,1.0420681215490157,-0.0005529462352551473,0.009404410213577297,0.0052236272544962685,-0.14976834714493825,72.07323937400838,1.0376968533924236,1
2024-12-02,0.009522535772919394,234.45803527832032,1.0321997876389772,1.0480968329934286,0.010215751345054924,-0.0005529462352551473,0.005179909600221364,0.6901240809791653,83.36231814449195,1.0465130522409762,1
2024-12-03,0.012771881095138049,236.40162048339843,1.0360239515283238,1.0566562988037849,0.009522535772919394,0.010215751345054924,0.0051174448530316935,-0.19270167916222625,85.31444731851147,1.058360028588756,1
2024-12-04,0.0014835436581230876,237.9815246582031,1.0384696277911731,1.0536800895058287,0.012771881095138049,0.009522535772919394,0.005852582760187863,0.14211934844702911,85.00979376889127,1.0584629869359738,1
2024-12-05,0.00012347709736793,239.59322204589844,1.040861950588411,1.049132749408115,0.0014835436581230876,0.012771881095138049,0.005647584473784302,-0.09800851209560224,82.96263254033435,1.0570357817951823,0
2024-12-06,-0.0008228473424518601,240.68822631835937,1.0421079018333197,1.044749510588141,0.00012347709736793,0.0014835436581230876,0.006127164811526616,-0.07901553433465136,95.83784777652698,1.0547375152706795,1
2024-12-09,0.016101073700015567,242.11113586425782,1.0438250677093475,1.057071104427699,-0.0008228473424518601,0.00012347709736793,0.007895405252714264,0.21097025814605685,96.01987046317414,1.0699344775261546,1
2024-12-10,0.004133779543955773,243.12863464355468,1.0429530331595103,1.05611560975783,0.016101073700015567,-0.0008228473424518601,0.0069077137574208945,-0.17322594805730007,96.16316863028126,1.0729591848901447,0
2024-12-11,-0.005166172506095634,243.82021484375,1.0409811515101204,1.0456985891462496,0.004133779543955773,0.016101073700015567,0.00809967520196028,0.22459826411087147,90.35541376358482,1.0655216317291394,1
2024-12-12,0.0059638359586267065,244.7979705810547,1.0401165134758619,1.0468631490344926,-0.005166172506095634,0.004133779543955773,0.008024654447147193,-0.274927111122909,92.89503020774401,1.0698940594878397,1
2024-12-13,0.0006856321694574952,245.84925537109376,1.0402113845315135,1.0431964572022658,0.0059638359586267065,-0.005166172506095634,0.0078218264931297,0.011526199374571,92.5047327091687,1.0685337099590573,1
2024-12-16,0.011727596362295811,246.701806640625,1.0381359461299002,1.049684763761486,0.0006856321694574952,0.0059638359586267065,0.006268650031035269,0.5591715351693394,92.47318389590748,1.0787896772904977,1
2024-12-17,0.009719587636433547,247.83655395507813,1.0373891675544427,1.0542755202622265,0.011727596362295811,0.0006856321694574952,0.006884262674897643,-0.006546112955268191,92.56013902992719,1.086284366388639,0
2024-12-18,-0.021421730443265674,248.14657897949218,1.0344339156979954,1.0274668104047073,0.009719587636433547,0.011727596362295811,0.01339798445998581,0.1054922073977147,74.35042115817492,1.0609656803131173,1
2024-12-19,0.007014608986329218,248.5102508544922,1.0315084775370542,1.0302381027675036,-0.021421730443265674,0.009719587636433547,0.013496619895290244,0.07236046013939457,73.70623993118876,1.0665373900589645,1
2024-12-20,0.018815945349621277,249.77417602539063,1.0312319180092653,1.044031636905778,0.007014608986329218,-0.021421730443265674,0.015495445663629936,1.422630222577005,75.94015757293825,1.0842256510148087,1
2024-12-23,0.00306491959873445,250.61481018066405,1.0293396341870111,1.041803597325726,0.018815945349621277,0.007014608986329218,0.015057199795526223,-0.7229823594378939,73.86538271662293,1.0849629609824865,1
2024-12-24,0.011478016014876635,251.55281982421874,1.027879357594574,1.0483427401281527,0.00306491959873445,0.018815945349621277,0.015259749505828523,-0.4313415959352698,76.1806631521722,1.0948889100964574,1
2024-12-26,0.0031756925937183045,253.73288269042968,1.0317687575533767,1.046581268514103,0.011478016014876635,0.00306491959873445,0.006617436925043375,0.1722595944858336,76.81208262928794,1.0960024713042635,0
2024-12-27,-0.01324213869551405,254.8855194091797,1.0321477362417972,1.0284297576302615,0.0031756925937183045,0.011478016014876635,0.011959411978757349,0.555059092194103,69.30063954385776,1.0792910549699493,0
2024-12-30,-0.013263393440257176,254.4304229736328,1.0272317202750754,1.0117624449606881,-0.01324213869551405,0.0031756925937183045,0.01103464446512689,-0.16049467244949278,58.38205688492363,1.063152827024693,0
2024-12-31,-0.007057920935259476,253.4665771484375,1.0211220651882182,1.0024438360401065,-0.013263393440257176,-0.01324213869551405,0.010855877194765272,0.11033396611122837,53.98255372513827,1.054255624448419,0
2025-01-02,-0.026235799642565727,250.61480102539062,1.0093908836407306,0.9759095203091123,-0.007057920935259476,-0.013263393440257176,0.01070330305227573,0.41184680109521876,46.57680669752272,1.0259372918389742,0
2025-01-03,-0.00200950911552622,247.50269165039063,0.9967865546188742,0.973880210962365,-0.026235799642565727,-0.007057920935259476,0.009074370401177347,-0.27801229622161183,43.879699248120296,1.0232076114514694,1
2025-01-06,0.006739005741566828,245.39814147949218,0.9879232946446974,0.9800588357667512,-0.00200950911552622,-0.026235799642565727,0.012385389036032831,0.1193094142992388,45.992293916535516,1.0288490836227902,0
2025-01-07,-0.011387839595466742,243.41282348632814,0.9800543044343596,0.9690201910915411,0.006739005741566828,-0.00200950911552622,0.01222735836555506,-0.09300797414175854,38.65911408358199,1.0161177183063812,1
2025-01-08,0.0020230523611648454,241.87862548828124,0.9746667827733989,0.9717678487392644,-0.011387839595466742,0.006739005741566828,0.013047416382259923,-0.07898717446641867,35.424526323526294,1.017188116570871,0
2025-01-10,-0.024103853242819273,240.4875061035156,0.9711843551598837,0.9504222944239028,0.0020230523611648454,-0.011387839595466742,0.012237606180040857,0.6399868186420543,35.026686698285275,0.9923616492688508,0
2025-01-13,-0.01034410903042593,238.70687866210938,0.9663375300632058,0.9428781747922353,-0.024103853242819273,0.0020230523611648454,0.01216854209953437,-0.19575472080296996,29.80843930822158,0.9820153517910422,0
2025-01-14,-0.004778069660643203,236.3777587890625,0.9597424118432574,0.9411518151512875,-0.01034410903042593,-0.024103853242819273,0.009648683491642886,-0.20542527105199004,19.287490321699664,0.9770421787974193,1
2025-01-15,0.01967588958356803,235.51527099609376,0.9582237374777676,0.9616601303453646,-0.004778069660643203,-0.01034410903042593,0.016129320177318784,0.010059515205919523,27.3082324065343,0.9952485796248278,0
2025-01-16,-0.040400176086877626,232.6456085205078,0.9509269247910052,0.9270778457906924,0.01967588958356803,-0.004778069660643203,0.022423943704653393,0.8015439847358907,16.748058716885453,0.9545934321469524,1
2025-01-17,0.007535246075507596,231.28033447265625,0.9498795089936499,0.9385425741469305,-0.040400176086877626,0.01967588958356803,0.022614267111106447,-0.045580281803980216,18.37979737852811,0.9611262087000613,0
2025-01-21,-0.03191579220080287,228.94327087402343,0.9451817287921929,0.913323717367042,0.007535246075507596,-0.040400176086877626,0.025592390204419096,0.43192924922943043,16.937587155326995,0.9304950003472113,1
2025-01-22,0.005344900662525909,227.06526794433594,0.9424467366556132,0.9231206926088115,-0.03191579220080287,0.007535246075507596,0.02649108392026261,-0.3461176868861553,20.21832817964298,0.9353624823054818,0
2025-01-23,-0.000759478195257568,224.2413116455078,0.9366806669374411,0.9283213730495676,0.005344900662525909,-0.03191579220080287,0.022427783556448238,-0.06068785915339214,20.925668801264692,0.9349310530596778,0
2025-01-24,-0.0039345742628749125,223.1522674560547,0.9384593021752289,0.9309458560225149,-0.000759478195257568,0.005344900662525909,0.015869811415004667,-0.09192194545345878,23.87796916330916,0.9315780462716947,1
2025-01-27,0.03178021786229257,223.12841796875,0.9439484211645318,0.966253007858654,-0.0039345742628749125,-0.000759478195257568,0.022766052482806803,0.7343152113700893,35.61379002469694,0.9607314394391406,1
2025-01-28,0.03654401552062425,226.23258361816406,0.9612750639945432,1.0059531399903632,0.03178021786229257,-0.0039345742628749125,0.01896418062165225,-0.2019303545940795,43.72204550987412,0.9946738628224202,1
2025-01-29,0.004616873550399303,229.3188690185547,0.9777388075291952,1.014071925487902,0.03654401552062425,0.03178021786229257,0.01904788985674131,-0.39918713576972453,47.259113937211424,0.9980794621372138,0
2025-01-30,-0.007394763532510895,232.0871826171875,0.9926139432114177,1.0096979497608274,0.004616873550399303,0.03654401552062425,0.020480016004617085,0.22363315386458726,45.20369058195914,0.9899253567066186,0
2025-01-31,-0.006692219313426562,234.7143981933594,1.0069356029939858,1.00602335285214,-0.007394763532510895,0.004616873550399303,0.02105629111304399,0.8139217331467186,49.13284455998646,0.9824000549846663,0
2025-02-03,-0.033855973855805965,234.34674682617188,1.008764103562277,0.9752560661651427,-0.006692219313426562,-0.007394763532510895,0.02546211203066352,-0.27631294832200537,44.142992749469926,0.9491407367919723,1
2025-02-04,0.021007882678863554,233.26167907714844,1.0063661108229545,0.9979979999189024,-0.033855973855805965,-0.006692219313426562,0.020054435508940868,-0.38317458970509133,49.587764989380915,0.9687156373379837,0
2025-02-05,-0.0014175533741168644,231.89242248535157,1.0031529314756884,0.9992670831804037,0.021007882678863554,-0.033855973855805965,0.01954649322078354,-0.12086368608725173,44.99629184199548,0.9670631605483132,1
2025-02-06,0.0032262255941553075,231.0239685058594,1.0013307868656098,1.0044316716817852,-0.0014175533741168644,0.021007882678863554,0.01988642558201318,-0.24469779380771983,55.49887092292859,0.9698038992148966,0
2025-02-07,-0.023968753310749213,229.360595703125,0.9973578011264945,0.9835484800341441,0.0032262255941553075,-0.0014175533741168644,0.02196225625757733,0.32687725770501874,47.60057147766992,0.946735277980882,1
2025-02-10,0.0011873911886950417,229.3387939453125,0.9991949438776554,0.9866239769376219,-0.023968753310749213,0.0032262255941553075,0.01604415710782262,-0.16600515775476488,56.277132114638285,0.9482514205963225,1
2025-02-11,0.02183182989334731,229.35385131835938,0.9995903430556783,1.0084965186474975,0.0011873911886950417,-0.023968753310749213,0.016315714774769334,0.622147869886096,59.89997505930974,0.9691296369093363,1
2025-02-12,0.018270070070558475,230.28002014160157,1.002790792677907,1.0260663533876677,0.02183182989334731,0.0011873911886950417,0.018112909236419245,-0.15776903258473818,63.532539290495556,0.9866550046959386,1
2025-02-13,0.01967333077751987,231.98424682617187,1.0093548725077586,1.0453646680566808,0.018270070070558475,0.02183182989334731,0.019362760461630702,0.1850174500975834,67.75310613013929,1.0056920727041943,1
2025-02-14,0.012710570000191712,235.41014404296874,1.0205965752799941,1.0548645671990846,0.01967333077751987,0.018270070070558475,0.008289825789507169,-0.23721185285214152,65.14555292570228,1.018027945632586,0
2025-02-18,-0.0005314862154425226,238.75646362304687,1.0318240853610003,1.0509629638890998,0.012710570000191712,0.01967333077751987,0.008997507881318,0.19381507328309233,57.847530629509244,1.0173101921323287,1
2025-02-19,0.0016361539063893815,241.1935821533203,1.037345242250357,1.0476216186058291,-0.0005314862154425226,0.012710570000191712,0.00934829046551474,-0.3403819960059399,57.12082744725991,1.0187943296050594,1
2025-02-20,0.0039204553000191655,242.97616271972657,1.040062578463849,1.0467476270295706,0.0016361539063893815,-0.0005314862154425226,0.008471141728073494,0.0034995435377993545,60.699196635491184,1.0225283676365606,0
2025-02-21,-0.0011389591287577217,243.77593383789062,1.038591447345065,1.0406511558525666,0.0039204553000191655,0.0016361539063893815,0.005614600377785849,0.646117047117762,62.76618341671421,1.0211108914465363,1
2025-02-24,0.006312429397624886,244.27330932617187,1.0353213156773795,1.0417973157628506,-0.0011389591287577217,0.0039204553000191655,0.0031093077550767385,-0.035170891810502036,80.23132303174242,1.027503511845349,0
2025-02-25,-0.0002428481619800582,244.78460998535155,1.0336897476032334,1.037730816085767,0.006312429397624886,-0.0011389591287577217,0.003051783628793262,-0.06454962748215343,76.58521709383237,1.0272931035284942,0
2025-02-26,-0.02704018567246458,243.887353515625,1.029390157076045,1.00916980484952,-0.0002428481619800582,0.006312429397624886,0.013431081928574493,-0.07455642499057558,62.11630978338745,1.0000022132302728,0
2025-02-27,-0.012730896109299117,242.19032287597656,1.0226131985533853,0.9966981936513806,-0.02704018567246458,-0.0002428481619800582,0.013149893525258487,-0.07381801159482915,56.035188041326485,0.9881253707182038,1
2025-02-28,0.019131861615869106,241.45222167968745,1.0185317884963596,1.014805529799626,-0.012730896109299117,-0.02704018567246458,0.01772516819563425,0.38100676490027596,70.72819553881662,1.007534967349519,0
2025-03-03,-0.0157541055956002,239.64775695800776,1.0104346024060018,0.9983386771509936,0.019131861615869106,-0.012730896109299117,0.017600315737457444,-0.16978396506279758,63.50863071924397,0.9927154754560423,0
2025-03-04,-0.008822465720090822,237.4374359130859,0.9994027680940012,0.9878382969935637,-0.0157541055956002,0.019131861615869106,0.017149414497834487,0.14017675483214642,54.65541746959512,0.9853768507296804,0
2025-03-05,-0.0008053630534643474,236.51829223632814,0.9948684005710313,0.9863828244244006,-0.008822465720090822,-0.0157541055956002,0.01398860932142138,-0.12213256601998956,48.2057906884078,0.9855742746401929,0
2025-03-06,-0.001739169589466849,236.1263641357422,0.9925729142204096,0.9840259912500054,-0.0008053630534643474,-0.008822465720090822,0.013066786093516136,-0.04355927466142684,38.619654288507284,0.9850285734208131,1
2025-03-07,0.01589261720118329,235.57528076171872,0.9889938123209,0.9983901577257741,-0.001739169589466849,-0.0008053630534643474,0.011801065243647072,0.024423073517170435,40.09319064180402,1.0019532135318445,0
2025-03-10,-0.04847958752014625,233.47636718749996,0.980161672502696,0.9499687791451885,0.01589261720118329,-0.001739169589466849,0.023968545204801604,0.5575014695204177,28.422670997182195,0.9555823974737595,0
2025-03-11,-0.029189390099861323,230.47422790527344,0.9689361072357635,0.9235530115685521,-0.04847958752014625,0.01589261720118329,0.025647144313184277,0.05641920767241282,23.657121102257747,0.9305882781453765,0
2025-03-12,-0.017478623870416543,226.74195251464843,0.9563729054315576,0.910387837407731,-0.029189390099861323,-0.04847958752014625,0.024755719504730683,-0.17849177933577975,20.263897329974668,0.9175517703120933,0
2025-03-13,-0.033643703453495544,221.638916015625,0.9402118968386812,0.8848060239883385,-0.017478623870416543,-0.029189390099861323,0.024202502544636843,-0.018852871817418793,17.702166356176917,0.8901169683568845,1
2025-03-14,0.018170488266351592,216.5498016357422,0.924090483188239,0.906244864003108,-0.033643703453495544,-0.017478623870416543,0.025112076787627696,-0.02054317945910189,20.92055595621298,0.9092577878151501,1
2025-03-17,0.0023888932558169262,213.86797180175782,0.9186123336728569,0.9143482080086185,0.018170488266351592,-0.033643703453495544,0.02185878939098519,-0.200210955020663,21.63460639414444,0.9142447220308327,0
2025-03-18,-0.006121501054763834,212.2465393066406,0.9178796193589894,0.9149629351326325,0.0023888932558169262,0.018170488266351592,0.01963159173516911,-0.11734139877770244,23.832034110545905,0.911052929640214,1
2025-03-19,0.01198932118931273,211.9003662109375,0.9222603145915187,0.9318717276524209,-0.006121501054763834,0.0023888932558169262,0.020239647075723993,0.2816951197669706,28.934306235752956,0.9241810524962862,0
2025-03-20,-0.005296387612504838,212.77972106933595,0.9324925439033306,0.9333470297690614,0.01198932118931273,-0.006121501054763834,0.010675199223866502,-0.10154379668072677,21.67077409519088,0.9217107122409478,1
2025-03-21,0.01947689810001929,213.73070068359374,0.9422630443559448,0.9572175549485709,-0.005296387612504838,0.01198932118931273,0.011108992832418113,0.926365401971639,29.967570163306192,0.9415820520802052,1
2025-03-24,0.011270430382703367,215.06962890625,0.9536803213379873,0.973635611341269,0.01947689810001929,-0.005296387612504838,0.01139591507866995,-0.5293685818642314,34.702105803007726,0.9539804178977231,1
2025-03-25,0.013681841146429008,217.27000427246094,0.9684117458377792,0.9920525019147274,0.011270430382703367,0.01947689810001929,0.009255627948014315,-0.2213546428289258,38.58313605249811,0.968107089796368,0
2025-03-26,-0.009921772080253355,218.52139282226562,0.978072253427798,0.9863268832949311,0.013681841146429008,0.011270430382703367,0.012741679642217377,-0.0007972493448059614,37.29750183906326,0.9595490253667577,1
2025-03-27,0.010472595574967603,220.46114196777344,0.9897177192464712,0.9996494338790246,-0.009921772080253355,0.013681841146429008,0.01114721715015382,0.07626914562425102,35.61435374954475,0.970369165314513,0
2025-03-28,-0.026580389521724812,220.3875244140625,0.9947043776814157,0.9783078659049868,0.010472595574967603,-0.009921772080253355,0.01752581804008297,0.07342808156399272,39.86456134337697,0.9461931483347154,1
2025-03-31,0.01941270106318549,220.66605224609376,0.9995291353583564,1.0008718977066342,-0.026580389521724812,0.010472595574967603,0.0191617906812523,0.6399195350916407,51.43814200630544,0.9650540672065666,1
2025-04-01,0.004771977732473731,220.5546417236328,1.0019001333280788,1.0085427448345545,0.01941270106318549,-0.026580389521724812,0.01812165788969437,-0.4423722765787689,57.38405074659643,0.9702104037821369,1
2025-04-02,0.0031362668891437018,221.02415771484374,1.0067283571129721,1.014421784283328,0.004771977732473731,0.01941270106318549,0.017324161703175755,-0.01391822084053096,70.04228830211149,0.9731268016424982,0
2025-04-03,-0.0924561245087091,216.91387329101562,0.9952532813601449,0.9273847039043854,0.0031362668891437018,0.004771977732473731,0.04467035895018049,1.8802787285655005,40.16049226772625,0.8847237477411783,0
2025-04-04,-0.07288731642094837,211.04091186523436,0.9796389588737137,0.869852379077653,-0.0924561245087091,0.0031362668891437018,0.051137351611962555,0.21748324775911576,30.777324367847598,0.8227487402078968,0
2025-04-07,-0.03673429969943298,202.9496643066406,0.9521969368846928,0.8468972084161636,-0.07288731642094837,-0.0924561245087091,0.04388152781679632,0.27444327695219406,28.387552761741816,0.7953794024520866,0
2025-04-08,-0.04981817733023208,192.84903259277343,0.915147263043487,0.8139027148070899,-0.03673429969943298,-0.07288731642094837,0.036488076103777016,-0.24682316473926302,22.809243856929257,0.7595629773295894,1
2025-04-09,0.1532885256174954,187.8673583984375,0.8953384342248094,0.9426985665735219,-0.04981817733023208,-0.03673429969943298,0.09905130481501255,0.5257046405123305,42.670384614760756,0.8790272126485517,0
2025-04-10,-0.04239378450258846,185.3267852783203,0.8872813125632178,0.9068741990670766,0.1532885256174954,-0.04981817733023208,0.09215082893162684,-0.33903085697675495,37.14100798728763,0.845400184429444,1
2025-04-11,0.040594343025738944,187.2705078125,0.8998742848137276,0.9471479372996525,-0.04239378450258846,0.1532885256174954,0.08650204147074485,-0.2826066622907778,40.0581049879977,0.8827897308601712,1
2025-04-14,0.022054075712996113,191.46036682128903,0.9225386049173414,0.970699712917125,0.040594343025738944,-0.04239378450258846,0.08192857334914695,0.1591680305229317,40.762333101638035,0.904937530089351,0
2025-04-15,-0.0018763741147476143,197.3731231689453,0.9534394565618917,0.9713342035216355,0.022054075712996113,0.040594343025738944,0.07338002402956335,-0.49341459395833764,41.42566029534638,0.9053122987841259,0
2025-04-16,-0.03893338032138538,196.4619354248047,0.9538435929662877,0.9382440449484201,-0.0018763741147476143,0.022054075712996113,0.03662766098005301,0.16337870711028968,37.531614419304624,0.8730585708002903,1
2025-04-17,0.013949651319910217,197.76703796386718,0.9641659923377178,0.9552814802271183,-0.03893338032138538,-0.0018763741147476143,0.029966831202355302,-0.12669338583415368,40.93431093621205,0.888049821670823,0
2025-04-21,-0.01939277790713312,196.7742889404297,0.9652029323329288,0.9424945042886166,0.013949651319910217,-0.03893338032138538,0.024795500145366214,-0.10394385475235168,37.401056614688905,0.8739647045934936,1
2025-04-22,0.03406499428742693,196.2212127685547,0.9674441845252771,0.9796170712402718,-0.01939277790713312,0.013949651319910217,0.02837567800580041,0.13336685029683903,40.26889623148582,0.9060023807591592,1
2025-04-23,0.024331638502555597,196.71062927246095,0.9744331503081587,1.0081872283893256,0.03406499428742693,-0.01939277790713312,0.030820530463587344,-0.0008909627683270083,42.262338108549656,0.9299915642083845,1
2025-04-24,0.018426113288234847,199.51580505371095,0.99154392303941,1.030104175726267,0.024331638502555597,0.03406499428742693,0.02027089483779005,-0.10614556804183706,52.40438138934813,0.9492202757756117,1
2025-04-25,0.0043673564728285985,201.96287841796874,1.0073331103464254,1.0383425275413554,0.018426113288234847,0.024331638502555597,0.020756600696040392,-0.19210543002684366,61.13834720534785,0.9557683723234328,1
2025-04-28,0.004109273666969004,205.34102783203124,1.026157765507415,1.044620314054965,0.0043673564728285985,0.018426113288234847,0.012968590275417875,0.01362555366893159,66.3400165943947,0.962455363947734,1
2025-04-29,0.00509184705173249,207.6229705810547,1.0403852147123074,1.0527968670768093,0.004109273666969004,0.0043673564728285985,0.009472437752305241,-0.04944106176325591,74.30756347238717,0.9703238410064244,1
2025-04-30,0.006107658696214546,209.19466552734374,1.0510611856420469,1.0620565954252665,0.00509184705173249,0.004109273666969004,0.006090067861601888,0.4197639813618048,62.48856209700693,0.9791264107871849,1
2025-05-01,0.0038588909727230725,210.1794677734375,1.0588058687407318,1.0689785463835733,0.006107658696214546,0.00509184705173249,0.000908553170329365,0.09714170961911783,74.34100662979867,0.9857708089052222,0
2025-05-02,-0.037361736221225184,209.39759826660156,1.0542965066003485,1.028483027591648,0.0038588909727230725,0.006107658696214546,0.018872613080268778,0.7608187470910317,57.61424177153303,0.952504238745338,0
2025-05-05,-0.031458456524213974,207.1594268798828,1.0402895579324207,0.9935136762398324,-0.037361736221225184,0.0038588909727230725,0.021711685325393,-0.31672022540208655,46.32369801392325,0.9265505856347442,0
2025-05-06,-0.001910697305796516,204.63277587890624,1.0232440428272533,0.9874105012873265,-0.031458456524213974,-0.037361736221225184,0.02063321416075488,-0.25793084462861404,46.32368362100814,0.9289859670322542,0
2025-05-07,-0.01138474850772786,201.3998596191406,1.0011447567485394,0.9704177510711611,-0.001910697305796516,-0.031458456524213974,0.018089115609344435,0.3381761736940243,52.26235302942886,0.9227964245872382,1
2025-05-08,0.006318509038841347,198.25050048828126,0.9858209877116026,0.9768778144409268,-0.01138474850772786,-0.001910697305796516,0.018772850548762866,-0.2634763564630337,50.60300310016395,0.9323861477181637,1
2025-05-09,0.005265995369670984,196.89366760253907,0.9771141103397497,0.9800562607436042,0.006318509038841347,-0.01138474850772786,0.015576506520833694,-0.2778388594046225,56.795736179193504,0.9407399531342111,1
2025-05-12,0.0631462586334901,199.31614990234374,0.9859925531741763,1.0386318393697223,0.005265995369670984,0.006318509038841347,0.029298071034202844,0.7494918239200743,62.45580758879721,1.0030695413088404,1
2025-05-13,0.010152222286661683,202.24054260253905,0.9978348420788573,1.0464241467602804,0.0631462586334901,0.005265995369670984,0.028316895115370857,-0.18606587451666623,60.069439460789255,1.0156490058394156,0
2025-05-14,-0.002817883715873881,205.49502868652343,1.0112942046906919,1.0408016923915626,0.010152222286661683,0.0631462586334901,0.026547957306379523,-0.04976950180410833,55.3542555780682,1.015042353806085,0
2025-05-15,-0.004144435559737758,208.3275146484375,1.0208714053015011,1.0320780749463492,-0.002817883715873881,0.010152222286661683,0.027919488448601038,-0.0871004626382137,53.09379727978697,1.0131585933137555,0
2025-05-16,-0.0008985115224214857,210.91524963378907,1.0298980953097265,1.027505192345284,-0.004144435559737758,-0.002817883715873881,0.028548312225792703,0.21560088386502185,51.79653605361337,1.014558494078564,0
2025-05-19,-0.011739086232723905,210.51483764648438,1.023990215272518,1.011538613964937,-0.0008985115224214857,-0.004144435559737758,0.007889013142379197,-0.15706484903512918,47.324440370311294,1.0055436985005999,0
2025-05-20,-0.009196290225973569,209.30563659667968,1.0162910771503724,1.0004472233560504,-0.011739086232723905,-0.0008985115224214857,0.004540311848487891,-0.07897400331595883,43.44111515809341,0.998250540073873,0
2025-05-21,-0.023059040715290968,207.26573486328124,1.0069321844836552,0.9779080580866667,-0.009196290225973569,-0.011739086232723905,0.008531534279305104,0.3933302899526079,37.785024635861866,0.9769725449024221,0
2025-05-22,-0.0036122341120673473,205.255712890625,0.9987952209972537,0.9759664787828793,-0.023059040715290968,-0.009196290225973569,0.008622683060249303,-0.21058978109093118,45.05112681095345,0.9748890316794211,0
2025-05-23,-0.030244403151994947,202.07034912109376,0.9865790569532384,0.949610032782347,-0.0036122341120673473,-0.023059040715290968,0.010836420996881632,0.677981875128363,45.488552743371166,0.9466998781207588,1
2025-05-27,0.025298341226390297,200.36312255859374,0.9805456928570474,0.9759246641476373,-0.030244403151994947,-0.0036122341120673473,0.021511153556366357,-0.2823356015141605,52.34481469399125,0.971874920523209,1
2025-05-28,0.0010488851004830657,199.08021240234376,0.9767701871668344,0.9794580396610184,0.025298341226390297,-0.030244403151994947,0.021872995322343974,-0.1945122005382982,55.56898533319249,0.9741521423268477,0
2025-05-29,-0.002345136061230768,198.65390014648438,0.9776099931688478,0.9801000148443888,0.0010488851004830657,0.025298341226390297,0.01971646285403743,0.13359373793827478,53.48731277086349,0.9730463632641713,1
2025-05-30,0.0045012535107264995,198.55230407714845,0.9800381359561581,0.9874619886449982,-0.002345136061230768,0.0010488851004830657,0.019880800031342537,0.3779048501073996,53.3213403056447,0.97877026753879,1
2025-06-02,0.004231977181112123,199.83322448730468,0.9871811377336178,0.9924657795981392,0.0045012535107264995,-0.002345136061230768,0.010845005282363845,-0.4998114936620921,33.27200720802831,0.9840748008476565,1
2025-06-03,0.0077838415394115845,200.44280700683595,0.9890633045451785,0.9990503878701275,0.004231977181112123,0.0045012535107264995,0.0038413619397921484,0.3093528835540449,31.842158156292612,0.9931606415354354,0
2025-06-04,-0.0022138294743112574,200.92091064453126,0.9903102879570855,0.995720417668223,0.0077838415394115845,0.004231977181112123,0.004487776288925753,-0.05988581678941651,32.022745556386326,0.9926712223250387,0
2025-06-05,-0.010797774052893838,201.0563751220703,0.9898512833859651,0.9838489961199414,-0.0022138294743112574,0.0077838415394115845,0.0073789295702632145,0.2642441060453169,30.511568666729573,0.9841516320555213,1
2025-06-06,0.016398388244948325,201.6679473876953,0.9912365950292396,0.9983452628378743,-0.010797774052893838,-0.0022138294743112574,0.01026462230074196,-0.1545257146796164,38.10761531790519,1.0019927044131605,0
2025-06-09,-0.012112647509148644,201.6181427001953,0.990220980291107,0.985485529623349,0.016398388244948325,-0.010797774052893838,0.01222218311569632,0.5633167910023451,38.11995326251208,0.992011072092265,1
2025-06-10,0.006056094961710334,201.4986145019531,0.9916033944814848,0.9934268063310675,-0.012112647509148644,0.016398388244948325,0.01196209728981481,-0.24964796754439178,43.05141946042567,0.9994898858100763,0
2025-06-11,-0.019193789486923962,200.6938049316406,0.9910798273919449,0.9777499695436667,0.006056094961710334,-0.012112647509148644,0.01466348160745381,0.1155478246873205,44.34573530458525,0.9825405495472687,1
2025-06-12,0.0021129385173965787,200.408935546875,0.9928792287718742,0.982990124438709,-0.019193789486923962,0.006056094961710334,0.01428358193501854,-0.2801332679673192,46.270714213546285,0.9869286615745658,0
2025-06-13,-0.01380531000674079,198.92083435058595,0.989167707631697,0.9730208094783391,0.0021129385173965787,-0.019193789486923962,0.010884534300971234,0.1717974881903035,52.30285266000326,0.9759290100456699,1
2025-06-16,0.010028094916962882,198.31723022460938,0.9893120361990164,0.9859134002220679,-0.01380531000674079,0.0021129385173965787,0.012814756655931193,-0.1637909083664254,46.04858061915466,0.986157014007937,0
2025-06-17,-0.014010672570188176,196.91678771972656,0.9855432025539567,0.9752839187355082,0.010028094916962882,-0.01380531000674079,0.012421236806766895,-0.09680223706262336,40.523442349908365,0.9716152977926715,1
2025-06-18,0.004804632818980137,196.47852478027343,0.9858759049254213,0.9824872690431579,-0.014010672570188176,0.010028094916962882,0.011083371195437312,0.16827430371472252,43.44103538997667,0.974796574188903,1
2025-06-20,0.022484682623141072,196.83710632324218,0.9879442679114476,1.0048518869355878,0.004804632818980137,-0.014010672570188176,0.015795871621436083,1.1327049192967462,50.2567722635608,0.9938752288518745,1
2025-06-23,0.0024874463490283105,197.8431182861328,0.9929587927487756,1.0073161542537385,0.022484682623141072,0.004804632818980137,0.013215771685682125,-0.4234863939429935,49.653484792186426,0.996060754532211,0
2025-06-24,-0.005955377660487704,198.2176300048828,0.9935892284582154,1.0000598621422248,0.0024874463490283105,0.022484682623141072,0.01366883586128858,-0.031359346977387514,44.787627140881504,0.9891382781812892,1
2025-06-25,0.006290559785556926,199.3969482421875,0.9991639709487532,1.0060117615687443,-0.005955377660487704,0.0024874463490283105,0.010350418720272854,-0.26890907073098547,47.8498103650381,0.9949999017193522,0
2025-06-26,-0.002778166663854331,200.2774627685547,1.0034309224255062,1.0030717008370074,0.006290559785556926,-0.005955377660487704,0.011101708739305317,0.2852169601044383,50.668634683078125,0.9923585603394613,1
2025-06-27,0.00039799751308722264,200.29339904785155,1.0032278908799566,1.0031880565572635,-0.002778166663854331,0.006290559785556926,0.0047186468615486345,0.4407459974684591,44.194634109068936,0.9928314775137272,1
2025-06-30,0.02034000393268065,201.02449645996094,1.0058059318505428,1.0224910518115122,0.00039799751308722264,-0.002778166663854331,0.01036446463623887,0.2558349251112879,57.13188958802269,1.0119110566066647,1
2025-07-01,0.01291618357444646,202.52255554199218,1.0117584002617235,1.034120711519063,0.02034000393268065,0.00039799751308722264,0.009377105182339892,-0.14278642365372396,59.36024136707859,1.0238602471747966,1
2025-07-02,0.022230784557691008,204.68995971679686,1.0202585444057644,1.054703706029188,0.01291618357444646,0.02034000393268065,0.011385972170207313,-0.137672946316042,74.1855775912528,1.04461095445907,1
2025-07-03,0.005225040243511225,207.1900390625,1.0299765482163348,1.0573981210507084,0.022230784557691008,0.01291618357444646,0.009425021586881745,-0.48550376940263573,74.80126706148486,1.0486179501042219,0
2025-07-07,-0.016857998591239265,208.95702209472657,1.0363691928128755,1.0371793103565448,0.005225040243511225,0.022230784557691008,0.015824108176999502,0.43692892166679065,72.66622083901339,1.0303718661880508,1
2025-07-08,0.0002858099344236198,209.92119750976562,1.0395874229891389,1.0359174531776039,-0.016857998591239265,0.005225040243511225,0.014657115557099178,-0.14692906488283664,70.79295541618346,1.030472876980391,1
2025-07-09,0.005380765928293174,210.58257446289062,1.0403763499968972,1.0390083585688974,0.0002858099344236198,-0.016857998591239265,0.013980603692583773,0.13770481856010308,79.55758592725714,1.0358006840225993,1
2025-07-10,0.00601490590341025,210.57659606933595,1.0378595843710259,1.0427589252452716,0.005380765928293174,0.0002858099344236198,0.00970445920008794,-0.08832518964335967,79.81167914714966,1.041770774290176,0
2025-07-11,-0.005884824586848469,210.10048217773436,1.0323758159236873,1.0334819436982101,0.00601490590341025,0.005380765928293174,0.009481113390240431,-0.10525249979749618,71.72794731927856,1.0356171166801442,0
2025-07-14,-0.012028817972970951,209.83553466796874,1.0287025549649753,1.0187020488714857,-0.005884824586848469,0.00601490590341025,0.007693651261490437,-0.02327879735853422,64.004707890236,1.023521462690311,1
2025-07-15,0.00234878684197648,209.6562469482422,1.024656424230224,1.017948310953436,-0.012028817972970951,-0.005884824586848469,0.007850091369222373,0.08898535276685693,67.82680665470144,1.0263213353358107,1
2025-07-16,0.005021289252517214,209.46101989746094,1.0207853762467693,1.0201446431655528,0.00234878684197648,-0.012028817972970951,0.007780281282852214,0.12280506805559832,67.55103993216989,1.03096080441459,0
2025-07-17,-0.0006661019354642361,208.984912109375,1.0149229113526879,1.0159194391892468,0.005021289252517214,0.00234878684197648,0.0068074614631415216,0.012162432486497288,68.72919677938157,1.029123990572016,1
2025-07-18,0.005523184207602894,208.9888946533203,1.0113709052502047,1.017936019605639,-0.0006661019354642361,0.005021289252517214,0.00718268743247518,0.01885866094145605,70.07148206555166,1.0334984148991784,1
2025-07-21,0.006155875978032466,209.75784301757812,1.012291306584656,1.021376360176995,0.005523184207602894,-0.0006661019354642361,0.0028278534120213016,0.04906216691917842,66.33882303634526,1.0381851615379358,1
2025-07-22,0.009036224276702809,210.81166381835936,1.0142324475684543,1.027420259633022,0.006155875978032466,0.005523184207602894,0.0035357123937238264,-0.09679937092963053,65.2033099319905,1.0458118445069342,0
2025-07-23,-0.0011660977652936388,211.60650939941405,1.0146892590631718,1.0228279222251262,0.009036224276702809,0.006155875978032466,0.004487288150736239,0.012610954635474014,54.95073788938003,1.0429765402284399,0
2025-07-24,-0.0018211504107996657,212.35155029296874,1.0153037733608965,1.0179992617369968,-0.0011660977652936388,0.009036224276702809,0.004792531709091769,-0.02057276869414948,50.63438538159852,1.0407760316105148,1
2025-07-25,0.0005614314509685414,212.88941955566406,1.0147632302941823,1.0154564472603573,-0.0018211504107996657,-0.0011660977652936388,0.004794375279825958,-0.1250211852437716,65.03448308195775,1.0412640283373595,1
2025-07-28,0.0007948313685424147,213.20218200683593,1.0131346745818839,1.0131441588396222,0.0005614314509685414,-0.0018211504107996657,0.004367756045201996,-0.059867689129052715,65.32628505541925,1.0419171605826358,0
2025-07-29,-0.01298768034379394,212.57865295410156,1.0087154585546823,0.998544237750279,0.0007948313685424147,0.0005614314509685414,0.005735026118864551,0.3580141581700036,50.438248081986934,1.0284030949670906,0
2025-07-30,-0.010507880529716518,211.56268310546875,1.0036028219732467,0.9877645404481815,-0.01298768034379394,0.0007948313685424147,0.00649111559768079,-0.11474430917475986,39.35361862702941,1.017815745585895,0
2025-07-31,-0.007079645758298336,210.32957458496094,0.9989025315502703,0.9819012384487557,-0.010507880529716518,-0.01298768034379394,0.006312970867184303,0.77310409228234,38.7882539922515,1.0107290601620853,0
2025-08-01,-0.025003555467844718,208.03866271972657,0.9906397085652208,0.959886200281954,-0.007079645758298336,-0.010507880529716518,0.009417676301377768,0.29413346485184344,33.27977866625071,0.9858873756014551,1
2025-08-04,0.004792984751981866,205.90711975097656,0.9820267648966404,0.9659988836431231,-0.025003555467844718,-0.007079645758298336,0.010741604055112316,-0.28079992722711367,34.9530135592759,0.9904911252160535,0
2025-08-05,-0.0021146466969287347,204.24371948242188,0.9757367239522724,0.9655822018165112,0.004792984751981866,-0.025003555467844718,0.011119282068367594,-0.4121220674403836,30.45357389828372,0.9882464032687541,1
2025-08-06,0.050906782152972285,205.0804016113281,0.9792422260414674,1.01422772886369,-0.0021146466969287347,0.004792984751981866,0.02829212597513499,1.4568645524526045,55.625188756665835,1.036739208256397,1
2025-08-07,0.03179364967503995,207.56255493164062,0.989301636909375,1.0445808916905615,0.050906782152972285,-0.0021146466969287347,0.02968975221019755,-0.16830547799611184,62.88958680282233,1.0676434302171953,1
2025-08-08,0.04235793525056386,212.93524169921875,1.0105460340169896,1.0841460485579246,0.03179364967503995,0.050906782152972285,0.023241356314373737,0.26189251735664687,69.91734813728546,1.1097509533567624,0
2025-08-11,-0.008337358816422502,217.73377075195313,1.028743374870214,1.070346625530198,0.04235793525056386,0.03179364967503995,0.026662665695514697,-0.45714599399230593,65.39577962897636,1.097578895187263,1
2025-08-12,0.010872350977508605,223.11056518554688,1.049013134178175,1.076713836721136,-0.008337358816422502,0.04235793525056386,0.024125908329635577,-0.09998851246074414,67.68274132876095,1.1064088613660659,1
2025-08-13,0.01602444528652036,227.1634490966797,1.0622398192268128,1.0879972185403368,0.010872350977508605,-0.008337358816422502,0.019560588686217645,0.2562155962478112,70.7220561658279,1.1206981586862934,0
2025-08-14,-0.0023571690519696986,229.7560028076172,1.0686329655769824,1.0796436834395409,0.01602444528652036,0.010872350977508605,0.019738248712627856,-0.25704902080038927,69.8428882547669,1.1148714060139853,0
2025-08-15,-0.005112200001143874,230.25458679199218,1.0658480002467348,1.06900524861445,-0.0023571690519696986,0.01602444528652036,0.010625386180569478,0.07940473415863614,68.05150351658817,1.1060994044567205,0
2025-08-18,-0.0030225976605758875,230.99448852539064,1.0646899783865567,1.061206047218011,-0.005112200001143874,-0.0023571690519696986,0.009513071368026413,-0.33124430081354495,71.04722359707328,1.0995539613874046,0
2025-08-19,-0.0014291945916863336,231.1759765625,1.061525018505406,1.055709831060291,-0.0030225976605758875,-0.005112200001143874,0.008606465410442661,0.051403290621781395,74.00811267742678,1.0951795492048282,0
2025-08-20,-0.019734587754066668,229.71610412597656,1.0519068156852918,1.0320162567449873,-0.0014291945916863336,-0.0030225976605758875,0.007614233262613554,0.07261703542405828,69.30758886902589,1.0710443909708491,0
2025-08-21,-0.004911305040181113,228.14454650878906,1.0420025287847405,1.024285877736772,-0.019734587754066668,-0.0014291945916863336,0.007362487804340448,-0.2754762338544242,75.68319557420212,1.0635202493080618,1
2025-08-22,0.01271681885277487,227.38070983886718,1.035184742282151,1.0339862677824554,-0.004911305040181113,-0.019734587754066668,0.011541279078834477,0.38720233041161034,76.67899647733893,1.0740780690935976,0
2025-08-25,-0.0026343069945183872,226.6368194580078,1.0286802186533464,1.028146197863187,0.01271681885277487,-0.004911305040181113,0.011544717719324447,-0.2706048806670779,76.39699058675241,1.0684083688247403,1
2025-08-26,0.00946463359101557,226.3875244140625,1.0233155128605436,1.0336014922378485,-0.0026343069945183872,0.01271681885277487,0.012909412943768255,0.7614473696950919,71.34754797270462,1.0751745433551119,1
2025-08-27,0.005145918125483151,227.28099975585937,1.0223595689458147,1.0338694648271871,0.00946463359101557,-0.0026343069945183872,0.007592333970784011,-0.42722047233994986,66.4308339257324,1.0774443174000479,1
2025-08-28,0.008980879291928812,228.80868225097657,1.0234413551018426,1.0372861323152824,0.005145918125483151,0.00946463359101557,0.005886130406737308,0.21802012188294762,56.844165219973775,1.083358809897195,0
2025-08-29,-0.0018060204541949787,229.68221130371094,1.0205232314909014,1.02853385348077,0.008980879291928812,0.005145918125483151,0.005778500777319125,0.03529115134196714,60.39393848054133,1.0778090186827374,0
2025-09-02,-0.01042469754672981,230.19276733398436,1.0167998359603818,1.0118489776649358,-0.0018060204541949787,0.008980879291928812,0.008408906350360727,0.11814787003023963,50.14704256779511,1.06371386477609,1
2025-09-03,0.038089829254487784,232.01960144042968,1.0168564094452328,1.0421777422620742,-0.01042469754672981,-0.0018060204541949787,0.018372079422451473,0.5071331984136347,58.8988953241624,1.1004396049851195,1
2025-09-04,0.005493355773038333,233.8723602294922,1.0190151436389794,1.0418082313229269,0.038089829254487784,-0.01042469754672981,0.0183592518019735,-0.28419426806246784,61.808366305146855,1.1024446570058204,0
2025-09-05,-0.000375433370914946,235.2943328857422,1.0207957624341901,1.0369321905477906,0.005493355773038333,0.038089829254487784,0.018716127447350468,0.1539661909508847,64.1905998642448,1.0981572955230827,0
2025-09-08,-0.0075513878695669945,236.43909301757813,1.023815549567373,1.0271489603930521,-0.000375433370914946,0.005493355773038333,0.019490532201213214,-0.10699575727532518,61.78753662276328,1.0861714349524676,0
2025-09-09,-0.014839387013392824,237.36247863769532,1.026225370971919,1.0103427132269465,-0.0075513878695669945,-0.000375433370914946,0.020443303070884544,0.3533587077419158,55.76864939898495,1.066789939154073,0
2025-09-10,-0.03225947784379701,235.03306579589844,1.0167811201059709,0.9783527480288302,-0.014839387013392824,-0.0075513878695669945,0.014641826515429817,0.2582701364269029,51.08756505249431,1.0303260055650558,1
2025-09-11,0.014286370691166894,233.08856506347655,1.0090872429417603,0.9930366986219932,-0.03225947784379701,-0.014839387013392824,0.01724969383951217,-0.3982727874133517,56.751789389734526,1.0429186510718784,1
2025-09-12,0.017563026031820916,231.96774291992188,1.0039554280222363,1.0101961396853922,0.014286370691166894,-0.03225947784379701,0.020775521897555632,0.11184538107017516,58.054656507038594,1.0591350062895988,1
2025-09-15,0.011235794928029508,231.73240661621094,1.0018321904702314,1.02042129545697,0.017563026031820916,0.014286370691166894,0.02177419781387524,-0.23510771314232892,61.577639234813,1.0687727263414162,1
2025-09-16,0.006125955224930424,232.49026184082032,1.0035381273563626,1.0250682134558082,0.011235794928029508,0.017563026031820916,0.02036868172073092,0.48528905490696617,60.91357535850006,1.0725654963624847,1
2025-09-17,0.003527257082143187,234.9233825683594,1.0122042229675179,1.0268209676321627,0.006125955224930424,0.011235794928029508,0.005755527302441753,-0.2666793858826163,60.58267031891371,1.0735233972387201,0
2025-09-18,-0.004644626316983702,236.48895263671875,1.016358039930069,1.0194521908241543,0.003527257082143187,0.006125955224930424,0.008331510092551895,-0.04855938763223533,56.78568737906297,1.0659536457553362,1
2025-09-19,0.03203299068174581,238.76849975585938,1.021645155615615,1.047484545722161,-0.004644626316983702,0.003527257082143187,0.013763684840269439,2.7004018115417994,64.3965379357879,1.0968229609687845,1
2025-09-22,0.04309567263758818,242.6335662841797,1.0319483193901375,1.0860649171500145,0.03203299068174581,-0.004644626316983702,0.02043584577582138,-0.35558469366006007,74.15685053680208,1.1394932243814035,0
2025-09-23,-0.006443278871197444,245.88038024902343,1.0397447975671907,1.0728629903901297,0.04309567263758818,0.03203299068174581,0.022615216641069927,-0.4287653031632698,66.81412976085957,1.1275306296631906,0
2025-09-24,-0.008332328960039437,248.5368621826172,1.0459063061562566,1.0587892174568025,-0.006443278871197444,0.04309567263758818,0.02447028697264877,-0.29815745115735826,62.97905754349102,1.1138474627338213,1
2025-09-25,0.018072939472633998,252.3241455078125,1.05599917687787,1.0719911545023535,-0.008332328960039437,-0.006443278871197444,0.0228626160176317,0.30490004420417116,66.2874446776521,1.1292968535572094,0
2025-09-26,-0.0054890943685314,254.3105255126953,1.0592508233927656,1.0610368276967834,0.018072939472633998,-0.008332328960039437,0.02230647819340901,-0.1653161745658227,66.79404656134216,1.1186053160235858,0
2025-09-29,-0.004031963397017835,253.98145751953126,1.0530058260540553,1.0518895655147158,-0.0054890943685314,0.018072939472633998,0.010911171134892749,-0.12910324830769837,70.14445365509198,1.1098680768335136,1
2025-09-30,0.0007861175643599783,254.02134704589844,1.0477759288044657,1.0473235249046082,-0.004031963397017835,-0.0054890943685314,0.010522136655300635,-0.06039219790817818,82.76837135047667,1.1066478154829162,1
2025-10-01,0.0032203038937570483,254.64757385253907,1.0467038347061042,1.0470399247764366,0.0007861175643599783,-0.004031963397017835,0.009387014558931192,0.2919985253671331,81.72741041228582,1.1062409553769168,1
2025-10-02,0.006576637201686886,254.69942932128907,1.0432076362382254,1.0501917477348692,0.0032203038937570483,0.0007861175643599783,0.005010035217376436,-0.12488632607941474,80.58354490235351,1.1093633174047726,1
2025-10-03,0.0034612549164674267,255.2099822998047,1.041400560302923,1.0498967076210315,0.006576637201686886,0.0032203038937570483,0.003950572049875034,0.15306988942111466,79.64405500194461,1.1089447348807215,0
2025-10-06,-0.00515452178741016,255.66071166992188,1.0392625862909945,1.0405030411445377,0.0034612549164674267,0.006576637201686886,0.004387031904361666,-0.09137310906590501,75.86501640991875,1.0991609829980322,0
2025-10-07,-0.0008181828424344006,256.0296661376953,1.0361151630854024,1.0350094530789364,-0.00515452178741016,0.0034612549164674267,0.004533917752133197,-0.28453052899308395,74.8367021438412,1.0942626493614709,1
2025-10-08,0.006160278938556418,256.55019226074216,1.0317121642154206,1.0348560707463588,-0.0008181828424344006,-0.00515452178741016,0.004987683940752201,0.1421056584407212,78.27919525604024,1.0966029526640662,0
2025-10-09,-0.015577803989300865,255.93393249511718,1.0243027225495205,1.013854421906931,0.006160278938556418,-0.0008181828424344006,0.008534865692595863,0.05000698689477745,63.310467793550984,1.0753867584473968,0
2025-10-10,-0.03452204809648318,253.39112854003906,1.0118644441707005,0.9766713151168102,-0.015577803989300865,0.006160278938556418,0.015822296308905474,0.6178461458170241,32.14400358310404,1.0349382837486556,1
2025-10-13,0.009744415443628807,251.59022216796876,1.002485322877304,0.9840410757974335,-0.03452204809648318,-0.015577803989300865,0.018185331113076995,-0.3847830049145875,39.08417031246444,1.0410249703398544,1
2025-10-14,0.0004441188177246591,249.85313720703124,0.9936646651271609,0.9826001767880331,0.009744415443628807,-0.03452204809648318,0.01830104619409044,-0.06986621363346779,42.17239752677582,1.037592478755457,1
2025-10-15,0.006336444449330125,248.1140563964844,0.9847274106319409,0.9868011733844694,0.0004441188177246591,0.009744415443628807,0.018332258177839858,-0.04465866170584587,35.52475676235353,1.0401032876215954,0
2025-10-16,-0.0075799744284102966,246.79977722167968,0.9776598039901,0.9774701747642276,0.006336444449330125,0.0004441188177246591,0.017703757970966114,0.1735843935138197,34.88103552153562,1.0292618264524092,1
2025-10-17,0.01955948293789933,248.19981384277344,0.9818890441595914,0.99525427002816,-0.0075799744284102966,0.006336444449330125,0.010159104647040344,0.23556326520350956,46.46862283057609,1.0465632859095864,1
2025-10-20,0.039438767662544505,251.10758361816406,0.9921867745041675,1.0332504477530888,0.01955948293789933,-0.0075799744284102966,0.01842805312048618,0.8410686308421673,59.50062411478673,1.084854785371381,1
2025-10-21,0.002021044160246621,254.0991180419922,1.002360153867207,1.0336404020806167,0.039438767662544505,0.01955948293789933,0.018200635405016274,-0.48392626239183056,59.20524362327571,1.0838557726830826,0
2025-10-22,-0.01644018580608131,255.91598205566407,1.0083095868920156,1.0154209136964554,0.002021044160246621,0.039438767662544505,0.022338436144748848,-0.03599031178326151,51.556616268754865,1.0635102450868945,1
2025-10-23,0.004372055505519334,258.3351318359375,1.0172994736827194,1.0193177466639043,-0.01644018580608131,0.002021044160246621,0.020929797331299686,-0.2723607306849005,51.82924203427591,1.0658573480115747,1
2025-10-24,0.012481843733494147,260.43519287109376,1.024089445417642,1.030551502148195,0.004372055505519334,-0.01644018580608131,0.020334782961951424,0.16787717257570622,56.879894785616045,1.0765055435117263,1
2025-10-27,0.022791311850895557,261.7454895019531,1.0263482457342323,1.0510758292543394,0.012481843733494147,0.004372055505519334,0.014503866735565493,0.17343420375022545,62.24918047938689,1.0976935948182427,1
2025-10-28,0.0007067783895675639,262.98797607421875,1.0283312411321899,1.0488719953560843,0.022791311850895557,0.012481843733494147,0.014584062896385544,-0.07470560191765319,61.17697637480153,1.0950610790297803,1
2025-10-29,0.0026022429598195895,265.23162841796875,1.0342310865569124,1.0486880047461455,0.0007067783895675639,0.022791311850895557,0.009118842791708194,0.2299734198792338,67.16357284070044,1.0944231298794322,1
2025-10-30,0.006303249053230431,267.58896484375,1.0405363695479928,1.0523784943681975,0.0026022429598195895,0.0007067783895675639,0.008934514234221936,0.36799793292579097,83.89108484083964,1.0972794081812804,0
2025-10-31,-0.0037950435186790976,269.09470825195314,1.0438920324295589,1.0458803969879302,0.006303249053230431,0.0026022429598195895,0.010212231712827036,0.2329577243101315,80.53247981198179,1.0891108106145435,0
2025-11-03,-0.004882341269010548,269.14256591796874,1.0415876455736954,1.0382918910163283,-0.0037950435186790976,0.006303249053230431,0.00461158763589321,-0.41747372256928683,77.70833001259217,1.0802001089538527,1
2025-11-04,0.0036797500454426313,269.3499816894531,1.0396700781585142,1.0393929996090336,-0.004882341269010548,-0.0037950435186790976,0.004879255048977099,-0.01832468034410073,77.36650239927494,1.0804548063957324,1
2025-11-05,0.00037036583712879434,269.4377380371094,1.0375965818953163,1.0373662617494617,0.0036797500454426313,-0.004882341269010548,0.004771962635061068,-0.11347991265312085,81.48766479954361,1.077335000039105,0
2025-11-06,-0.0013697782796735503,269.11265869140624,1.0332241201858308,1.0328259116847045,0.00037036583712879434,0.0036797500454426313,0.0034132360149182694,0.1721695575634512,77.69323040253354,1.0724991287184464,0
2025-11-07,-0.004818894404181151,268.7337280273438,1.0272073232054577,1.0233042262845513,-0.0013697782796735503,0.00037036583712879434,0.0036316119488717905,-0.05813217717365826,63.59666523732993,1.0642920176494184,1
2025-11-10,0.00454869456011342,268.8616088867187,1.0233991702209106,1.0236608613312335,-0.004818894404181151,-0.0013697782796735503,0.0038178736379776428,-0.14338322198584208,64.6627782734081,1.0659595041061325,1
2025-11-11,0.02160114657791201,269.9538818359375,1.0221741482475806,1.0402950195697955,0.00454869456011342,-0.004818894404181151,0.010366546013757586,0.11850921273031823,83.98831276161577,1.0850572670070657,0
2025-11-12,-0.006466862149501096,270.6708679199219,1.0201904638270012,1.0288292530355436,0.02160114657791201,0.00454869456011342,0.011377601208378234,0.047387590541093205,77.47644885995717,1.075054213095479,0
2025-11-13,-0.0019014031834500011,271.35784912109375,1.0178515456773647,1.0219250791726824,-0.006466862149501096,0.02160114657791201,0.011427503196967007,0.02489359064424157,72.55863318526701,1.0701995543403768,0
2025-11-14,-0.00197850671637112,272.1962890625,1.0171190324133788,1.0160298804191277,-0.0019014031834500011,-0.006466862149501096,0.011030671852958333,-0.043777770609723654,60.98386782473129,1.0653293297916708,0
2025-11-17,-0.018171161859606544,271.8030151367187,1.0146137295943771,0.9965501253619843,-0.00197850671637112,-0.0019014031834500011,0.014461867067959846,-0.05087357926095215,47.13537638015185,1.0435379222684378,0
2025-11-18,-7.464669137968727e-05,270.24391479492186,1.0078691127550528,0.9955623770509817,-0.018171161859606544,-0.00197850671637112,0.00734914436062009,0.01463849145791829,45.38458823114126,1.0407542414868478,1
2025-11-19,0.0041877290655558674,269.2637329101562,1.0022808070973912,0.9978074112673025,-7.464669137968727e-05,-0.018171161859606544,0.00852803172541495,-0.11499804060222474,43.88575208760078,1.0417082435813552,0
2025-11-20,-0.00860134970367199,267.92621459960935,0.9960214815976414,0.9879546140852011,0.0041877290655558674,-7.464669137968727e-05,0.008721036328874502,0.13356009350764997,41.37110472288247,1.0298366611220333,1
2025-11-21,0.019680647235321702,267.7425537109375,0.993693384146011,1.0057329313936596,-0.00860134970367199,0.0041877290655558674,0.014206250685204164,0.2882182979949197,55.13858734225536,1.0470551824008214,1
2025-11-24,0.016317468883471742,269.4314208984375,0.9985981531508438,1.0207504528808315,0.019680647235321702,-0.00860134970367199,0.011689091237124223,0.11104372632591808,60.332900549587386,1.0609122459540627,1
2025-11-25,0.003805495657415614,271.33388671875,1.004120600783599,1.0230773610943558,0.016317468883471742,0.019680647235321702,0.011281616245726423,-0.2846896736793635,61.561774420109366,1.0617610795323615,1
2025-11-26,0.002093957526739132,273.12855224609376,1.0092501705571768,1.0236860979778033,0.003805495657415614,0.016317468883471742,0.011453271262949876,-0.2873927297065707,63.02072864632588,1.0608293195789946,1
2025-11-28,0.0046839067924580036,275.6438781738281,1.01709798701207,1.0270201525357818,0.002093957526739132,0.003805495657415614,0.008068864874963748,-0.3977039549644945,67.22802146937076,1.0624519993901105,1
2025-12-01,0.01524119743713337,277.9615783691406,1.0232020724968935,1.0401845457291763,0.0046839067924580036,0.002093957526739132,0.0067854486247502345,1.3136981267009675,70.1563429807953,1.0755438938722433,1
2025-12-02,0.010914832876105063,280.011767578125,1.0274644924742249,1.0481872268582955,0.01524119743713337,0.0046839067924580036,0.00552893648045926,0.1520100799137969,67.54333409491392,1.0847810088899836,0
2025-12-03,-0.007128157809805358,281.4450988769531,1.0300130925145765,1.0379837943024408,0.010914832876105063,0.01524119743713337,0.008593234841503587,-0.18876270507457682,66.98476047662537,1.0746073264755298,0
2025-12-04,-0.012141479874668626,282.0739318847656,1.0302780748031264,1.0233584350560778,-0.007128157809805358,0.010914832876105063,0.011670673292922555,0.010344819666181948,61.27433625169689,1.059265840227895,0
2025-12-05,-0.006840055245008081,282.05995483398436,1.0284888490571524,1.0146438308686143,-0.012141479874668626,-0.007128157809805358,0.012211058202133765,0.07448890747935288,58.90910739163643,1.0502639499261215,0
2025-12-08,-0.003192433705098474,281.01988525390624,1.0228945033344967,1.0096261310019523,-0.006840055245008081,-0.012141479874668626,0.008756700554231224,-0.19155499325093406,66.45637339132404,1.045125269790182,0
2025-12-09,-0.002555062909471273,279.2212219238281,1.0149186261921292,1.0056306917210576,-0.003192433705098474,-0.006840055245008081,0.0038326360826104787,-0.15750370304460926,65.04009691622463,1.0406548297147766,1
2025-12-10,0.005772469911613065,278.1492126464844,1.010375069812945,1.0107884033525423,-0.002555062909471273,-0.003192433705098474,0.006564545498127889,0.026247697502275402,65.55082064833084,1.0447480956988002,0
2025-12-11,-0.002690246960942222,277.6162048339844,1.0076059623985985,1.0072364781020022,0.005772469911613065,-0.002555062909471273,0.0046366722238477195,0.006347178880269366,68.81787021471328,1.0401578111213452,1
2025-12-12,0.0008992046267306542,277.5163940429687,1.0062721813353563,1.0071698046458717,-0.002690246960942222,0.005772469911613065,0.0037902369983968914,0.18903091915303172,62.90386494818879,1.0394288458705934,0
2025-12-15,-0.01498499906996098,276.7617919921875,1.0032273714917574,0.9917722611034042,0.0008992046267306542,-0.002690246960942222,0.007675914225363843,0.2751176867874605,46.52586485138348,1.0226047623586618,1
2025-12-16,0.0018241281266524467,276.2487487792969,1.0000740654926772,0.9922978516389078,-0.01498499906996098,0.0008992046267306542,0.007943434568869881,-0.25313881818957296,45.37250190639255,1.0230832263545309,0
2025-12-17,-0.010087028861802239,274.8633239746094,0.9942681543572942,0.9815082536385975,0.0018241281266524467,-0.01498499906996098,0.00728495135173074,0.33175470004196694,39.68946609456462,1.0115868731871247,1
2025-12-18,0.001287574790797441,273.69749145507814,0.9894025818988392,0.9821284008557902,-0.010087028861802239,0.0018241281266524467,0.007800289276920897,0.029757452825861064,37.546793140588775,1.0118065019224607,1
2025-12-19,0.005437411303821804,272.77720336914064,0.9847575305865478,0.9861485184130412,0.001287574790797441,-0.010087028861802239,0.008749967811940283,1.8012790839558637,30.329657714653976,1.0158070541639235,0
2025-12-22,-0.009865948891234266,272.15037231445314,0.982586650752811,0.9765107117177575,0.005437411303821804,0.001287574790797441,0.007204620254467372,-0.7471389457381492,17.7270369794101,1.0038522398538032,1
2025-12-23,0.005129713035979089,271.7012084960937,0.9815946290969502,0.9821499517306571,-0.009865948891234266,0.005437411303821804,0.007802338140171035,-0.18948479429505793,24.291447771940653,1.0071406456309218,1
2025-12-24,0.005323781322749577,272.0944763183594,0.9835758240855591,0.9879415986204068,0.005129713035979089,-0.009865948891234266,0.0065673856649324765,-0.3957695162269752,33.540423480604645,1.0105383859654962,0
2025-12-26,-0.0014973926274014504,272.3360229492188,0.9851865705237148,0.987201366548856,0.005323781322749577,0.005129713035979089,0.006702637724815333,0.20162361953256736,36.14834920030181,1.0072184973945473,1
2025-12-29,0.001316908213532919,272.35399169921874,0.9861578050840264,0.9894106412186962,-0.0014973926274014504,0.005323781322749577,0.006243733720931505,0.10191526731035516,39.068437987582755,1.0065758425835807,0
2025-12-30,-0.0024840480713893553,272.77520751953125,0.9894746072201552,0.9887432086104978,0.001316908213532919,-0.0014973926274014504,0.0036287030994252853,-0.06643840237484822,39.130568700019545,1.00252475040541,0
2025-12-31,-0.00446757506501283,272.675390625,0.9916851972128436,0.9868861435983985,-0.0024840480713893553,0.001316908213532919,0.0038011443188003765,0.23279553379464857,31.277194863293715,0.9973228555855645,0
2026-01-02,-0.003126592761770741,272.1164306640625,0.9920182885279015,0.9861525192465097,-0.00446757506501283,-0.0024840480713893553,0.002169881885349167,0.38633599085499903,31.1088439292092,0.9935853880822881,0
2026-01-05,-0.013837114156417418,270.8907104492188,0.9899705962494606,0.974890891350483,-0.003126592761770741,-0.00446757506501283,0.005633993822320377,0.20638192721093285,25.045418039824,0.9791865185362965,0
2026-01-06,-0.018334270451824564,268.61492919921875,0.9846024203784756,0.9598916455370925,-0.013837114156417418,-0.003126592761770741,0.0071852410653453205,0.1468852415920363,24.243890539048138,0.9610203772266617,0
2026-01-07,-0.007737497507594893,266.0696533203125,0.9784157570831844,0.9555339748831699,-0.018334270451824564,-0.013837114156417418,0.006440243150450059,-0.0772137125349317,20.665671814274262,0.9537406804391811,0
2026-01-08,-0.004955093401707855,263.5104125976562,0.9722413823028981,0.9539751044790743,-0.007737497507594893,-0.018334270451824564,0.006348024752269212,0.04366608845410247,22.003637871310488,0.9496765309115238,1
2026-01-09,0.0012738888084979916,261.1867309570313,0.9671245751369077,0.958616544319611,-0.004955093401707855,-0.007737497507594893,0.007642589226074417,-0.20671250890036152,21.93525069106535,0.951540018100098,1
2026-01-12,0.0033929113461488303,259.78733520507814,0.9651139445031712,0.9650398664072853,0.0012738888084979916,-0.004955093401707855,0.00858387100959841,0.1316798759906994,19.82922996765241,0.9554126586825004,1
2026-01-13,0.003073874731586601,259.52582397460935,0.9672323008149523,0.9711085354571264,0.0033929113461488303,0.0012738888084979916,0.00505224875190515,0.010317295498831314,25.614566203593753,0.9590597822062898,0
2026-01-14,-0.004175458991876879,259.45196533203125,0.9695086901956893,0.9696056214275817,0.003073874731586601,0.0033929113461488303,0.004005758432561017,-0.12489175785247575,19.061902131957623,0.9557679444353225,0
2026-01-15,-0.0067318453757286845,259.28626708984376,0.9718619168550185,0.9660329592377095,-0.004175458991876879,0.003073874731586601,0.00456426438393513,-0.015762355257699978,11.652013402137797,0.9500729489921969,0
2026-01-16,-0.01037904480746421,258.519692993164,0.9719540625080287,0.9589321638792433,-0.0067318453757286845,-0.004175458991876879,0.00607275543431589,0.8315654783363715,10.48218993213763,0.9411989785907997,0
2026-01-20,-0.03455564430294311,255.81471557617186,0.9664063516156133,0.9302448577664733,-0.01037904480746421,-0.0067318453757286845,0.014292683083666779,0.11261969316411347,6.4671304291368585,0.9102294309292907,1
2026-01-21,0.0038508468560267684,253.13968811035156,0.9610152447033407,0.9384307968073596,-0.03455564430294311,-0.01037904480746421,0.014480870833251362,-0.31925499112343103,9.441757881663264,0.9152108277034849,1
2026-01-22,0.002826561879143208,250.8219970703125,0.9563149245389552,0.9451339336650803,0.0038508468560267684,-0.03455564430294311,0.015533424066086852,-0.2732967678531232,11.871524377394039,0.9191469294597827,0
2026-01-23,-0.0012482700788881695,248.7917724609375,0.9529843408163089,0.9483427729616736,0.002826561879143208,0.0038508468560267684,0.015922123544970596,0.04988125908185448,12.083161317087587,0.919455354526674,1
2026-01-26,0.0297129735567756,248.76781616210937,0.9562561846782958,0.9799678692126523,-0.0012482700788881695,0.002826561879143208,0.022919757926351977,0.34254119791791604,32.52727545675489,0.9481697618480668,1
2026-01-27,0.011197539980376536,251.0775177001953,0.9679441394908099,0.9938257517965275,0.0297129735567756,-0.0012482700788881695,0.012279552901786938,-0.11293532871650835,43.583271695365504,0.9598701969166806,0
2026-01-28,-0.007085403423770176,252.83226013183594,0.9779679131128801,0.9900834287395562,0.011197539980376536,0.0297129735567756,0.014294370375344635,-0.16839045848498335,43.858593104007554,0.9542401739273397,1
2026-01-29,0.007175070687510443,254.8145751953125,0.988459685195222,1.0000445233766608,-0.007085403423770176,0.011197539980376536,0.01410182237536989,0.6288752179810115,48.82057992661007,0.9620986419136338,1
2026-01-30,0.0046461584937966816,257.09833374023435,0.9997147324805179,1.0071046439687925,0.007175070687510443,-0.007085403423770176,0.013367866422829286,0.37456172958827105,50.16622331210344,0.9671436830782425,1
2026-02-02,0.04058126002356821,260.01292419433594,1.0112442166242293,1.0481776232687128,0.0046461584937966816,0.007175070687510443,0.01772508357891681,-0.20044697620381768,61.417915679474405,1.0061988238250685,0
2026-02-03,-0.0019629088916998105,262.2507781982422,1.0195083818628299,1.0456695597035064,0.04058126002356821,0.0046461584937966816,0.01869522743552365,-0.12878179058195127,59.924705235286226,1.0041548911960978,1
2026-02-04,0.02601286642781786,266.2533325195312,1.032238613740372,1.0699372459882048,-0.0019629088916998105,0.04058126002356821,0.01754589696903829,0.40610485024388643,67.08000068237862,1.0294901958555707,0
2026-02-05,-0.002097593092373451,269.7727966308594,1.0427398829504968,1.0644840495565477,0.02601286642781786,-0.0019629088916998105,0.019044178467443534,-0.4149098190195669,68.74215730075171,1.0269927063142792,1
2026-02-06,0.008009748840153375,273.49387817382814,1.05324621664332,1.0690754534956202,-0.002097593092373451,0.02601286642781786,0.018712585109714717,-0.04764295718551681,74.16048775144168,1.0350491449888624,0
2026-02-09,-0.01166048390953256,274.4654602050781,1.0538469800294727,1.0534697659620598,0.008009748840153375,-0.002097593092373451,0.014300831809944311,-0.11555217289617747,84.22621622976659,1.023139365823694,0
2026-02-10,-0.003422959769044165,275.3550170898437,1.0544970294229803,1.0471176109127023,-0.01166048390953256,0.008009748840153375,0.014458397027209685,-0.22962167831227565,81.93643577810057,1.0199115896940125,1
2026-02-11,0.006650117732854843,275.20885009765624,1.050982938170476,1.0511263317339232,-0.003422959769044165,-0.01166048390953256,0.008049725428173105,0.5106452297909352,82.41572271893105,1.0269305803469884,0
2026-02-12,-0.04998173910671744,272.427001953125,1.0399600912201015,0.9982058745015239,0.006650117732854843,-0.003422959769044165,0.023696512109211306,0.5612395607273455,62.49808047946335,0.9771402455847923,0
2026-02-13,-0.022733450234726726,268.01506958007815,1.023545203971792,0.9759205135773305,-0.04998173910671744,0.006650117732854843,0.021736348022898613,-0.30571480021510367,50.56072765312005,0.9570805501181091,1
2026-02-17,0.03166790148756515,265.8690490722656,1.0136886263547178,1.0051788516868572,-0.022733450234726726,-0.04998173910671744,0.030772180060867856,0.03869911015496341,54.91508385392453,0.988869669830026,1
2026-02-18,0.0017811375828364895,264.00477294921876,1.0031642857023584,1.0035515476283465,0.03166790148756515,-0.022733450234726726,0.031034156141162818,-0.4150192152778134,57.00538864941378,0.9918268656858735,0
2026-02-19,-0.014261551090285374,261.0235168457031,0.9893644449903758,0.9867741415418779,0.0017811375828364895,0.03166790148756515,0.03021324757584497,-0.09817766121982385,52.11435901892887,0.9789997592857484,1
2026-02-20,0.015350449692731916,261.5929870605469,0.9884419728690066,0.9988083063738283,-0.014261551090285374,0.0017811375828364895,0.021988617258848278,0.36391930050931576,54.24683837519534,0.995003540693282,1
2026-02-23,0.006047257970275721,263.6710693359375,0.992851145389159,1.0013758327399238,0.015350449692731916,-0.014261551090285374,0.016971993760795848,-0.1131980841682414,46.68616646238848,1.001829924239799,1
2026-02-24,0.02239103564464129,265.32155151367186,0.9958872980330526,1.0205402623064042,0.006047257970275721,0.015350449692731916,0.014000768725162451,0.26016800596115597,52.45066535320121,1.024754023635458,1
2026-02-25,0.007679860855135612,267.2957336425781,1.0002587997562957,1.0252632980676137,0.02239103564464129,0.006047257970275721,0.013775551300718102,-0.2828972276697026,48.16369677511928,1.0328993680058551,0
2026-02-26,-0.0046676776162442035,269.7674621582031,1.0063573484842077,1.0172924482649097,0.007679860855135612,0.02239103564464129,0.010201301925835902,-0.040611847198369855,47.5523833134853,1.0284709166570796,0
2026-02-27,-0.03213044438249635,269.6875366210937,1.004909101833956,0.9834808263880666,-0.0046676776162442035,0.007679860855135612,0.020316054417201496,1.237324973489029,38.924908489222716,0.9961518927163776,1
2026-03-02,0.0020440108677830526,269.39580688476565,1.0027986890244092,0.984486389731486,-0.03213044438249635,-0.0046676776162442035,0.02008906973400582,-0.4219991294314358,41.61870099886165,0.9989137396889781,0
2026-03-03,-0.003664168116717992,267.71934814453124,0.9976727467979734,0.9819760373580106,0.0020440108677830526,-0.03213044438249635,0.0153441109929864,-0.07791450204289485,41.59759563542075,0.9958424610477864,0
2026-03-04,-0.0046635601744375865,265.37949829101564,0.9901896592993377,0.9786185915734678,-0.003664168116717992,0.0020440108677830526,0.013437788088661763,0.03199987554739692,38.906006630231204,0.9919035406945677,0
2026-03-05,-0.008494547048829904,262.8498291015625,0.9836737171940426,0.9731973549067359,-0.0046635601744375865,-0.003664168116717992,0.01326452312009638,0.24760634221957578,48.46676766145887,0.9844541169220257,0
2026-03-06,-0.010872595974432131,261.50706176757814,0.981988286154793,0.9659011244696869,-0.008494547048829904,-0.0046635601744375865,0.004953035593786583,-0.17194604761310228,51.9160330288295,0.9747279783917312,1
2026-03-09,0.009399570490431275,260.5399536132812,0.9816675927920485,0.9782796595706751,-0.010872595974432131,-0.008494547048829904,0.007857383680856367,-0.07056177042801559,44.75890112704918,0.9848016259114477,1
2026-03-10,0.0036555398041986376,259.95648803710935,0.9820180487755699,0.984410859525075,0.009399570490431275,-0.010872595974432131,0.00851089940955872,-0.19958135457958837,45.44511673573155,0.9893556830918774,0
2026-03-11,-7.670678451010549e-05,259.61480102539065,0.9831149394024469,0.986731788565205,0.0036555398041986376,0.009399570490431275,0.008425085383397063,-0.14291551708356764,50.32961953238675,0.9902063433014825,0
2026-03-12,-0.01936274610273281,258.7096313476562,0.983359237183765,0.9712527579051674,-7.670678451010549e-05,0.0036555398041986376,0.011568164015048326,0.555900514514339,37.729559748427704,0.9723433324634959,0
2026-03-13,-0.022051876328148534,257.24298706054685,0.9799447513063889,0.9519333133721246,-0.01936274610273281,-7.670678451010549e-05,0.01415272286102938,-0.09471981173702015,29.915017713874875,0.9525457803939918,1
2026-03-16,0.010794859745288043,255.83229064941406,0.975120083312965,0.9627515902623428,-0.022051876328148534,-0.01936274610273281,0.014533209064956042,-0.1314865962632007,23.69281473911613,0.964208027444728,1
2026-03-17,0.005577047742174601,254.5135070800781,0.9718791789164213,0.9699029889056721,0.010794859745288043,-0.022051876328148534,0.014854649600474168,0.008960472903455141,22.25304005305658,0.9708092541834235,0
2026-03-18,-0.016874444795081822,252.34151306152344,0.9662412130777049,0.9561646750185685,0.005577047742174601,0.010794859745288043,0.015347401047925494,0.10494845743102932,20.537776343707506,0.9556732883663294,0
2026-03-19,-0.003920930967820202,250.98276977539064,0.9631792608648654,0.9545372245406478,-0.016874444795081822,0.005577047742174601,0.01408766766050916,-0.024995875037404303,25.655801900458712,0.9528847320452586,0
2026-03-20,-0.0038962445152317393,250.55716247558593,0.9646137787549992,0.9538517283312402,-0.003920930967820202,-0.016874444795081822,0.010595874696954392,1.5335832561287974,23.60369651915127,0.950051794055991,1
2026-03-23,0.014113480475494988,250.29140625,0.966320627500363,0.9700544215307798,-0.0038962445152317393,-0.003920930967820202,0.011625327053575472,-0.5409759416558834,32.08651331351706,0.9640001023569084,1
2026-03-24,0.0005964238375686381,249.7738830566406,0.9681503243007448,0.9744857745313514,0.014113480475494988,-0.0038962445152317393,0.011123403592469806,0.11360402110190626,33.58480827148236,0.9651290555986185,1
2026-03-25,0.0038944425565474727,250.30938720703125,0.9743027547177749,0.982391457801182,0.0005964238375686381,0.014113480475494988,0.007449740650263134,-0.3693189494222886,37.97428282569963,0.9694369924831584,1
2026-03-26,0.0010688333127271132,251.09466247558595,0.9811864510402207,0.9872923821494141,0.0038944425565474727,0.0005964238375686381,0.006731521401520471,0.4677508278698024,42.2093915753056,0.9710631321475552,0
2026-03-27,-0.016173068672430957,251.2565124511719,0.9847754005080361,0.9742497331657854,0.0010688333127271132,0.0038944425565474727,0.010896939182284777,0.14602348989274283,32.12904471791056,0.9561596995349061,0
2026-03-30,-0.008721851736991582,250.28540649414063,0.9844560246933125,0.9691851638837179,-0.016173068672430957,0.0010688333127271132,0.008359627757149303,-0.17648851774530272,27.964008786391588,0.9486469656757114,1
2026-03-31,0.029031290418426448,250.7150085449219,0.988079465387828,0.9992774467754285,-0.008721851736991582,-0.016173068672430957,0.01717704171138674,0.2573606583143624,41.08231627463364,0.9763001550176124,1
2026-04-01,0.007250134515282447,251.316455078125,0.9917951041192978,1.0078894838118213,0.029031290418426448,-0.008721851736991582,0.017343114183859167,-0.19231986709168292,49.82021128501081,0.982685868663916,1
2026-04-02,0.0011344553655323608,251.9218963623047,0.995041641073352,1.0099029162070838,0.007250134515282447,0.029031290418426448,0.0173417936177161,-0.218924896528655,59.415585542565374,0.9831580649135732,1
2026-04-06,0.011487876222620041,253.93204040527343,1.0027043334462125,1.021222461773656,0.0011344553655323608,0.007250134515282447,0.013980273300487817,-0.06262504234660937,59.72933968980934,0.9936323651187737,0
2026-04-07,-0.0207060792616357,255.30477600097657,1.0093951707127549,1.0013371082710691,0.011487876222620041,0.0011344553655323608,0.01801637089389887,1.118929829286837,48.95684880473123,0.9726331277208948,1
2026-04-08,0.021301735790709264,256.3258361816406,1.01381856985845,1.0230572951970396,-0.0207060792616357,0.011487876222620041,0.015688686981697657,-0.33975670978953465,62.40996518548076,0.9930677538590083,1
2026-04-09,0.006141348347641795,257.29693908691405,1.0177238156362491,1.0294053297661905,0.021301735790709264,-0.0207060792616357,0.015640678797801903,-0.3146555925990915,65.70415570918564,0.9989778921849128,0
2026-04-10,-3.834482173115106e-05,258.2080993652344,1.0203762281448696,1.0284067363335874,0.006141348347641795,0.021301735790709264,0.015700673358885572,0.11272118229403727,67.4685603039367,0.9986117887700978,0
2026-04-13,-0.004913954203973225,258.2760437011719,1.018818546645072,1.0215221654736526,-3.834482173115106e-05,0.006141348347641795,0.015360120498083506,0.15797261237077165,61.4972073349932,0.9936161693175699,0
2026-04-14,-0.001427586909096612,259.3410583496094,1.0218095866626635,1.0188572391676187,-0.004913954203973225,-3.834482173115106e-05,0.010355371361508287,0.3349275694293039,60.65184150065993,0.992228691384473,1
2026-04-15,0.02936295529114563,260.8456726074219,1.025275907394244,1.0462616146439216,-0.001427586909096612,-0.004913954203973225,0.013751721549180383,0.03189534160142404,67.10429694342304,1.021624104479155,0
2026-04-16,-0.011372633634406881,261.42713623046876,1.02485287339359,1.0316364109936256,0.02936295529114563,-0.001427586909096612,0.015738058300730228,-0.1320364230118104,62.184078833866145,1.0104571794047372,1
2026-04-17,0.02593021154924191,263.375341796875,1.0282074635833496,1.0539967292876489,-0.011372633634406881,0.02936295529114563,0.018759295237019556,0.41809334973720724,73.35950839191199,1.0371361072661411,1
2026-04-20,0.010435475371396441,266.1427856445313,1.0339583427434205,1.0598161968732707,0.02593021154924191,-0.011372633634406881,0.017425192945500517,-0.404419544177537,78.3963891440566,1.0481684721468834,0
2026-04-21,-0.025196703995697067,267.60944213867185,1.0367027529237782,1.0301773971450285,0.010435475371396441,0.02593021154924191,0.023651722135697963,0.37221988401265915,63.386732223738214,1.0226759277538233,1
2026-04-22,0.026298995241013978,268.9562072753906,1.0375969311130324,1.0528832295346746,-0.025196703995697067,0.010435475371396441,0.022917948504870115,-0.13863030723085934,67.06230528206518,1.0496882349427508,1
2026-04-23,0.0009516944880663125,270.9603637695312,1.0411532412250686,1.0496756179180573,0.026298995241013978,-0.025196703995697067,0.021292472456124572,-0.22774062872839262,67.04305274389995,1.050707403656181,0
2026-04-24,-0.008667702544387423,271.12620849609374,1.0381697145905302,1.0369607805603345,0.0009516944880663125,0.026298995241013978,0.019419859752702155,0.1424418256506066,62.00790100295828,1.041955732112232,0
2026-04-27,-0.012727861582673916,270.039208984375,1.0303005129927096,1.0200922457543742,-0.008667702544387423,0.0009516944880663125,0.01929847767471696,0.08673877207649427,64.43033403475798,1.0282290513969041,1
2026-04-28,0.011584102768505522,270.9463684082031,1.0290389109089637,1.0271948082877116,-0.012727861582673916,-0.008667702544387423,0.015835375750756712,-0.03491709029874501,62.67439695369168,1.0389481759127115,0
2026-04-29,-0.001994705758897819,270.34691772460934,1.0235812922644663,1.021969925451089,0.011584102768505522,-0.012727861582673916,0.009389350657363857,-0.24915727318841852,60.628044760111536,1.0363754145313828,1
2026-04-30,0.004367659937803081,269.93130493164057,1.018978083160357,1.0233907971808824,-0.001994705758897819,0.011584102768505522,0.009789126511102916,2.0567260940032415,61.635642515457526,1.0403432418919876,1
2026-05-01,0.03239351812191993,271.7456359863281,1.021163179519693,1.051738461494178,0.004367659937803081,-0.001994705758897819,0.016900353884533502,-0.129918713703698,69.31020379190164,1.0724351335915439,0
2026-05-04,-0.011815603186417278,273.587939453125,1.0246298198546624,1.0358174481176219,0.03239351812191993,0.004367659937803081,0.016640781079410548,-0.41602744902734645,65.74527265877373,1.0587706334373272,1
2026-05-05,0.026550690927708454,276.2794616699219,1.0288048761016417,1.0572507266622178,-0.011815603186417278,0.03239351812191993,0.018886914112613454,0.05664003908426252,65.59480353022443,1.0853872915095124,1
2026-05-06,0.011717924952267644,279.7442687988281,1.036192480538031,1.0639770557432764,0.026550690927708454,-0.011815603186417278,0.017685213595780624,0.18300727819158547,71.07150713426859,1.0968180354257253,0
2026-05-07,-0.00024350711440246364,282.9593017578125,1.0429006169522959,1.0584399086979328,0.011717924952267644,0.026550690927708454,0.01833298848546445,-0.22476305409514863,67.0564850111163,1.09544686134252,1
2026-05-08,0.020456497888878378,285.59287719726564,1.0462809957271593,1.0736005322150832,-0.00024350711440246364,0.011717924952267644,0.01553095182402929,0.1651435179759555,68.94040026190156,1.1161229524396405,0
2026-05-11,-0.0012626705737772692,288.8138427734375,1.0515860469016713,1.065662897420655,0.020456497888878378,-0.00024350711440246364,0.012324463104483919,-0.19823391431087356,78.48869137638235,1.1122783799183162,1
2026-05-12,0.007243389265544797,290.9901550292969,1.0525717635340253,1.0663527190801811,-0.0012626705737772692,0.020456497888878378,0.008978307008464241,0.08286446707836959,75.99753733875943,1.117758840764001,1
2026-05-13,0.013805995565634221,293.31508178710936,1.0547464094655137,1.0747216008334248,0.007243389265544797,-0.0012626705737772692,0.009262813552768546,0.1516172256334143,77.9903062204965,1.1301599576389716,0
2026-05-14,-0.00220833028705536,295.5219970703125,1.0560269209380493,1.065632278447079,0.013805995565634221,0.007243389265544797,0.009729865357672979,-0.3294985413111686,81.0046902766718,1.1246081032084805,1
2026-05-15,0.0067738157309671365,296.95799560546874,1.0554540655508253,1.0670835282606324,-0.00220833028705536,0.013805995565634221,0.0066487200787763885,0.5530914454110274,88.43187844140633,1.128805144988652,0
2026-05-18,-0.007960612067346995,297.9899963378906,1.0544296807858664,1.0538989097732097,0.0067738157309671365,-0.00220833028705536,0.008585893688748973,-0.37146846314807114,82.55388569939822,1.1164093860428945,1
2026-05-19,0.003793999787491842,298.8239990234375,1.051234796292077,1.05174841832579,-0.007960612067346995,0.0067738157309671365,0.008348307246395289,0.2250558246092278,84.06062206534973,1.1173506506983275,1
2026-05-20,0.0109709963070026,299.5,1.0482049431497942,1.0578295294391495,0.003793999787491842,-0.007960612067346995,0.007467179097533789,-0.0950155763239875,84.80910350227568,1.1261024698025552,1
2026-05-21,0.009065310949131433,300.8559997558594,1.0471216174723217,1.0615098656707662,0.0109709963070026,0.003793999787491842,0.00747742043712687,0.12386410601154063,82.43758772414012,1.1325622193163924,1
2026-05-22,0.012557845216167651,302.5739990234375,1.0461810443956008,1.0677772671659147,0.009065310949131433,0.0109709963070026,0.00831238337725074,0.016410994039348203,91.10259787648047,1.1422634655788535,0
2026-05-26,-0.001586751960143129,304.6719970703125,1.0460268474292476,1.058585780522709,0.012557845216167651,0.009065310949131433,0.00580790028007404,0.09915915200754744,87.70523176010981,1.1355418324179216,1
2026-05-27,0.008173125031610828,307.047998046875,1.0469256036712238,1.0598891129765462,-0.001586751960143129,0.012557845216167651,0.005534824686340574,0.05063280590827168,87.39092980737902,1.1399307569094106,1
2026-05-28,0.005340207912225559,309.1,1.046325236953373,1.057868359813389,0.008173125031610828,-0.001586751960143129,0.00530560886316381,-0.04383225363814647,88.20661368502246,1.1411210083249868,0
2026-05-29,-0.001439992937726342,310.5140014648438,1.0438749832087462,1.0490722581747405,0.005340207912225559,0.008173125031610828,0.0061522241988261755,0.45222354024437794,84.2767544771921,1.1343128365699418,0
2026-06-01,-0.018425943872925732,310.0119995117187,1.0375782287251407,1.0251880095229473,-0.001439992937726342,0.005340207912225559,0.010329785672881307,-0.3024113625069259,70.58284606139246,1.1087708360741917,1
2026-06-02,0.02902293336585271,311.38600463867186,1.0354838571529272,1.0481669681767447,-0.018425943872925732,-0.001439992937726342,0.017149698786252745,-0.08833590242764056,75.5766793797329,1.1354073131159572,0
2026-06-03,-0.015672595971098935,311.26800537109375,1.0305777186218181,1.0272403444184324,0.02902293336585271,-0.018425943872925732,0.019090517439355588,0.1415076333735268,63.97543623155841,1.1128820269597526,1
2026-06-04,0.0031264139436979477,311.0120056152344,1.0256577129671032,1.0263766527067066,-0.015672595971098935,0.02902293336585271,0.01895406988891369,-0.11738763531071061,65.85482415653253,1.1115909366542083,0
2026-06-05,-0.012498841728371679,310.06800537109376,1.0191559441165812,1.010189309140924,0.0031264139436979477,-0.015672595971098935,0.019695955823000846,0.45557856074670533,58.28088323734265,1.09340531096731,0
2026-06-08,-0.01887156849768501,309.1140075683594,1.0146046130575552,0.9897444832662073,-0.012498841728371679,0.0031264139436979477,0.019784642509286195,0.19351559090804704,53.99223693291677,1.0690527146188433,0
2026-06-09,-0.03644631040831148,304.1840026855469,0.9987719991025231,0.9540054361346119,-0.01887156849768501,-0.012498841728371679,0.014181468438320782,-0.10058230306700144,42.508898681284684,1.0270326515342818,1
2026-06-10,0.003544996808021894,300.447998046875,0.987026803570299,0.9578937586616663,-0.03644631040831148,-0.01887156849768501,0.01669792177847225,-0.24698040759505224,40.11122066118089,1.027392170655585,1
2026-06-11,0.013889904990249002,297.3279968261719,0.9772971427668646,0.9717159573675749,0.003544996808021894,-0.03644631040831148,0.019611996415797778,-0.19360032428357388,41.53097808438871,1.0385831953920477,0
2026-06-12,-0.015221729613622226,294.08599853515625,0.9677669788329387,0.9580395077509175,0.013889904990249002,0.003544996808021894,0.019733506912020166,-0.08997357449057486,34.185619391526714,1.020212564977908,1
2026-06-15,0.018170605764429082,293.06199951171874,0.9650021918928658,0.9760595476563594,-0.015221729613622226,0.013889904990249002,0.022605867500837932,0.18043678582214184,40.19434131790692,1.0357932454142036,1
2026-06-16,0.009513449426140408,294.8,0.9705014277161623,0.9851181741934579,0.018170605764429082,-0.015221729613622226,0.013029824522246918,-0.12809680621700936,40.48828077144443,1.0426873515391466,0
2026-06-17,-0.010994446379867018,295.67400512695315,0.9738628189239028,0.9747719047021145,0.009513449426140408,0.018170605764429082,0.015157611050799338,0.07199355977770194,36.78583743578457,1.02816524054946,1
2026-06-18,0.006960626705947437,296.15000610351564,0.9761122092908313,0.9822427925982515,-0.010994446379867018,0.009513449426140408,0.01420825393255715,1.0110422013283396,39.06956315289654,1.0324990475079578,0
2026-06-22,-0.0033555919842641613,297.3260070800781,0.9812787984942513,0.9802358979148531,0.006960626705947437,-0.010994446379867018,0.011389581813140575,-0.4779112214438439,42.18751281819903,1.026419912092209,0
2026-06-23,-0.00912434558954689,296.902001953125,0.9822329184919208,0.9736247449340641,-0.0033555919842641613,0.006960626705947437,0.009280984772721969,0.15889072836615048,30.408685891091096,1.0146658740234524,0
2026-06-24,-0.004145434153267291,295.6700012207031,0.9806308219490222,0.9720406769120848,-0.00912434558954689,-0.0033555919842641613,0.006994033918135549,0.016750335025927265,32.68841765639637,1.00808798608154,0
